seq_index,n_entities,n_constraints,has_png
63,1,1,no
64,1,1,no
80,4,8,no
82,5,10,no
105,4,8,no
108,4,10,no
214,5,12,no
301,2,3,no
605,1,1,no
804,5,12,no
808,6,14,no
822,2,3,no
842,1,0,no
847,11,25,no
888,6,15,no
1112,4,8,no
1118,12,19,no
1132,9,25,no
1196,8,17,no
1203,1,1,no
1213,5,10,no
1221,5,12,no
1347,2,1,no
1406,5,12,no
1490,4,5,no
1521,8,19,no
1530,4,8,no
1587,5,12,no
1597,5,10,no
1629,4,8,no
1640,4,8,no
1705,4,8,no
1792,5,8,no
1804,4,8,no
1810,4,7,no
1823,2,1,no
1862,1,0,no
2025,13,26,no
2039,1,1,no
2057,14,28,no
2072,2,2,no
2091,3,3,no
2107,4,8,no
2266,3,4,no
2283,4,5,no
2727,4,9,no
2745,2,2,no
2760,6,7,no
2872,3,6,no
2891,6,14,no
2914,9,20,no
2986,4,8,no
3006,7,10,no
3100,14,35,no
3169,1,0,no
3191,5,10,no
3211,6,10,no
3417,4,7,no
3516,4,8,no
3538,5,11,no
3590,1,1,no
3613,3,3,no
3710,1,1,no
3712,4,8,no
3735,7,14,no
3737,6,12,no
3780,4,8,no
4041,16,16,no
4063,2,2,no
4113,1,1,no
4258,6,7,no
4300,5,10,no
4558,3,5,no
4584,5,11,no
4898,1,1,no
4941,4,8,no
4986,1,1,no
4988,4,4,no
5014,5,10,no
5016,2,3,no
5085,6,13,no
5229,8,12,no
5241,5,10,no
5259,1,1,no
5271,2,2,no
5338,4,9,no
5389,1,1,no
5420,10,21,no
5432,14,27,no
5448,4,8,no
5465,11,23,no
5482,1,1,no
5803,5,10,no
5824,16,38,no
5836,3,6,no
5839,1,1,no
5860,1,1,no
5872,13,25,no
6016,4,8,no
6036,1,1,no
6054,9,19,no
6344,7,13,no
6382,1,1,no
6447,4,9,no
6580,1,1,no
6619,4,6,no
6650,1,1,no
6805,7,12,no
6838,6,12,no
6846,5,14,no
6857,5,12,no
6880,4,6,no
6899,2,3,no
6956,13,25,no
6999,2,1,no
7027,12,31,no
7071,4,10,no
7081,10,21,no
7114,10,22,no
7127,4,10,no
7160,6,7,no
7187,3,3,no
7235,6,9,no
7282,1,1,no
7315,1,1,no
7436,5,10,no
7547,6,10,no
7758,4,7,no
7778,9,23,no
7812,9,7,no
7827,11,2,no
7932,2,3,no
7982,4,8,no
8070,5,10,no
8104,1,1,no
8132,1,1,no
8155,8,18,no
8183,11,27,no
8298,4,5,no
8314,6,9,no
8366,4,5,no
8367,6,11,no
8420,8,12,no
8520,10,24,no
8540,6,13,no
8575,1,0,no
8641,4,8,no
8887,16,32,no
8942,3,4,no
8998,5,12,no
9028,1,1,no
9049,4,10,no
9056,5,5,no
9065,1,0,no
9087,3,3,no
9108,9,14,no
9241,1,1,no
9300,1,0,no
9409,1,1,no
9469,2,0,no
9583,2,2,no
9753,3,5,no
9790,5,10,no
9815,1,1,no
9850,4,8,no
9853,5,10,no
9989,4,2,no
10188,1,1,no
10237,4,8,no
10266,2,3,no
10370,1,1,no
10433,4,4,no
10667,4,10,no
10687,1,0,no
10710,3,3,no
10733,8,11,no
10753,1,1,no
10763,3,2,no
10819,5,7,no
10829,4,8,no
10904,1,0,no
10957,4,10,no
10968,5,14,no
11017,1,1,no
11026,1,1,no
11062,5,11,no
11086,8,16,no
11107,7,18,no
11176,2,0,no
11231,4,9,no
11412,9,19,no
11482,15,29,no
11536,1,1,no
11586,3,4,no
11657,1,0,no
12186,1,1,no
12203,4,8,no
12253,5,12,no
12276,8,18,no
12326,5,9,no
12441,5,9,no
12547,9,16,no
12621,4,10,no
12631,4,10,no
12707,5,10,no
12841,4,9,no
12948,5,9,no
12969,9,12,no
13026,12,31,no
13032,4,8,no
13048,2,3,no
13050,6,10,no
13128,4,8,no
13149,5,10,no
13157,2,1,no
13232,5,10,no
13311,6,0,no
13462,8,12,no
13476,3,5,no
13499,1,1,no
13532,4,4,no
13545,2,2,no
13553,1,0,no
13560,4,9,no
13597,7,19,no
13616,1,1,no
13623,4,4,no
13801,4,8,no
13817,16,28,no
13839,1,1,no
13922,10,6,no
13949,1,1,no
13977,1,0,no
14019,2,3,no
14031,4,8,no
14056,1,1,no
14064,5,8,no
14117,3,3,no
14142,8,12,no
14175,1,1,no
14247,1,0,no
14373,4,8,no
14399,1,1,no
14406,1,1,no
14462,4,8,no
14488,1,0,no
14495,6,9,no
14509,5,10,no
14557,6,11,no
14624,3,3,no
14626,2,2,no
14649,4,8,no
14716,1,1,no
14718,4,8,no
14818,6,10,no
14909,1,0,no
14915,3,5,no
15003,1,0,no
15038,4,6,no
15087,4,8,no
15133,6,11,no
15161,1,1,no
15175,3,5,no
15216,5,6,no
15219,5,7,no
15257,6,13,no
15260,6,12,no
15296,5,10,no
15392,2,2,no
15584,4,8,no
15664,2,2,no
15684,1,1,no
15894,1,1,no
15899,3,2,no
15920,2,2,no
15972,2,3,no
15995,6,13,no
16000,4,8,no
16034,2,2,no
16073,9,17,no
16115,4,8,no
16134,4,9,no
16137,1,1,no
16236,4,8,no
16310,2,2,no
16369,2,3,no
16374,1,1,no
16479,1,0,no
16514,2,3,no
16583,8,17,no
16637,4,6,no
16708,2,3,no
16742,7,11,no
16745,4,4,no
16850,1,1,no
16874,5,6,no
17017,14,3,no
17024,5,9,no
17067,3,2,no
17072,3,3,no
17126,5,9,no
17138,4,8,no
17157,8,16,no
17177,8,16,no
17182,4,8,no
17197,6,15,no
17250,4,8,no
17338,2,2,no
17353,4,8,no
17449,4,4,no
17464,5,10,no
17538,4,8,no
17738,5,10,no
17743,1,1,no
17851,4,8,no
17856,6,0,no
17967,2,1,no
18081,4,4,no
18243,3,4,no
18292,14,34,no
18359,8,19,no
18397,7,12,no
18514,7,12,no
18559,4,8,no
18620,5,10,no
18677,4,7,no
18738,2,1,no
18870,5,10,no
18876,10,19,no
18939,1,0,no
18948,4,8,no
18998,1,1,no
19068,1,1,no
19148,2,3,no
19249,4,8,no
19270,1,1,no
19289,6,14,no
19440,1,1,no
19447,2,2,no
19456,3,3,no
19458,4,8,no
19559,6,12,no
19572,1,1,no
19581,12,29,no
19622,9,16,no
19746,3,3,no
19767,5,10,no
19808,16,16,no
19840,6,12,no
19934,6,9,no
19938,1,1,no
19983,4,8,no
20017,8,16,no
20066,5,8,no
20109,4,5,no
20133,10,21,no
20147,2,2,no
20299,1,1,no
20354,1,0,no
20356,1,1,no
20430,10,13,no
20431,4,8,no
20487,6,10,no
20560,1,0,no
20575,1,1,no
20652,5,10,no
20723,1,0,no
20726,1,1,no
20785,1,1,no
20802,2,0,no
20859,15,37,no
20891,4,4,no
20936,10,23,no
20953,4,6,no
20971,6,12,no
21071,6,12,no
21100,4,8,no
21147,4,9,no
21161,5,10,no
21208,6,12,no
21237,4,8,no
21246,9,19,no
21354,1,1,no
21386,15,22,no
21493,6,6,no
21567,10,20,no
21592,6,11,no
21605,4,8,no
21658,16,42,no
21745,4,8,no
21961,6,7,no
21991,4,8,no
22031,5,6,no
22102,4,7,no
22109,1,0,no
22144,5,8,no
22214,14,28,no
22239,3,0,no
22252,3,4,no
22267,6,10,no
22288,2,2,no
22357,4,4,no
22359,10,23,no
22501,4,3,no
22526,2,2,no
22644,4,8,no
22671,4,7,no
22715,8,16,no
22790,1,1,no
22797,8,14,no
22840,4,9,no
22842,2,3,no
22864,1,1,no
22877,4,8,no
22886,2,2,no
22938,1,1,no
22945,1,1,no
22969,16,25,no
22993,3,5,no
23029,4,8,no
23030,4,10,no
23090,1,0,no
23106,1,1,no
23176,8,8,no
23190,1,1,no
23223,3,4,no
23259,2,3,no
23306,14,33,no
23315,1,1,no
23333,1,1,no
23345,4,8,no
23378,5,7,no
23469,8,7,no
23470,4,3,no
23520,2,3,no
23625,4,8,no
23675,8,17,no
23838,9,20,no
23875,4,4,no
23899,4,10,no
23927,1,0,no
24091,1,1,no
24178,1,1,no
24224,4,3,no
24226,5,10,no
24295,1,0,no
24370,5,10,no
24383,4,8,no
24385,1,1,no
24516,5,9,no
24521,12,27,no
24530,2,3,no
24677,4,9,no
24682,1,1,no
24765,4,10,no
24770,1,1,no
24927,4,9,no
25102,1,1,no
25131,5,9,no
25301,8,13,no
25339,8,16,no
25385,2,2,no
25465,1,1,no
25492,4,8,no
25504,1,1,no
25550,3,3,no
25578,1,0,no
25658,9,19,no
25676,8,13,no
25777,5,9,no
25781,4,8,no
25844,5,5,no
25945,3,5,no
25962,15,36,no
26097,1,0,no
26132,3,3,no
26158,15,29,no
26268,6,12,no
26358,1,1,no
26375,8,15,no
26397,4,10,no
26432,12,30,no
26446,11,27,no
26548,1,1,no
26566,1,1,no
26586,3,4,no
26591,4,8,no
26600,1,1,no
26621,1,1,no
26656,5,9,no
26661,7,11,no
26702,3,5,no
26831,4,8,no
26836,1,1,no
27006,1,0,no
27042,4,9,no
27104,6,10,no
27129,4,8,no
27279,3,3,no
27281,4,8,no
27319,3,4,no
27327,4,7,no
27378,2,4,no
27428,11,27,no
27461,1,1,no
27498,9,18,no
27506,5,10,no
27511,4,8,no
27525,5,10,no
27543,6,12,no
27620,13,30,no
27624,8,14,no
27654,3,5,no
27695,11,10,no
27729,5,10,no
27802,1,1,no
27806,2,0,no
27910,1,1,no
27921,4,8,no
27924,1,1,no
27993,4,8,no
28105,6,11,no
28108,12,30,no
28111,4,8,no
28161,9,16,no
28179,4,9,no
28298,5,9,no
28330,5,9,no
28348,4,8,no
28356,4,8,no
28454,2,1,no
28476,4,0,no
28493,4,8,no
28522,10,21,no
28548,5,11,no
28644,2,3,no
28661,1,1,no
28662,1,1,no
28796,14,19,no
28854,8,18,no
29105,6,12,no
29129,2,3,no
29291,1,0,no
29297,5,10,no
29391,4,10,no
29404,12,26,no
29462,3,5,no
29485,3,4,no
29500,2,1,no
29528,5,12,no
29578,1,1,no
29589,4,8,no
29606,2,1,no
29660,6,13,no
29773,1,1,no
29801,3,4,no
29877,15,17,no
29901,1,1,no
29905,1,1,no
29906,4,8,no
30021,8,14,no
30052,5,10,no
30081,3,3,no
30106,10,22,no
30121,5,15,no
30153,4,9,no
30222,3,4,no
30321,8,15,no
30447,2,3,no
30450,4,9,no
30472,1,1,no
30650,4,10,no
30674,4,10,no
30744,4,8,no
30823,5,12,no
30936,4,8,no
30948,1,1,no
31118,5,10,no
31134,2,2,no
31141,7,12,no
31182,4,7,no
31272,1,1,no
31290,2,1,no
31325,12,21,no
31341,3,5,no
31349,6,9,no
31390,5,10,no
31398,4,2,no
31481,1,1,no
31493,13,32,no
31500,7,15,no
31529,2,2,no
31608,4,8,no
31660,5,10,no
31731,5,9,no
31827,2,1,no
31860,5,6,no
31942,5,10,no
31972,7,12,no
32041,8,2,no
32128,5,9,no
32132,3,6,no
32164,4,10,no
32340,10,23,no
32344,5,10,no
32376,4,8,no
32521,1,1,no
32725,6,15,no
32727,1,1,no
32900,4,4,no
32940,8,16,no
33012,4,8,no
33017,1,0,no
33107,2,2,no
33118,8,16,no
33155,8,17,no
33165,7,14,no
33226,6,9,no
33236,1,1,no
33271,9,17,no
33327,5,10,no
33375,5,11,no
33389,1,1,no
33405,4,8,no
33491,4,6,no
33496,1,0,no
33651,2,3,no
33716,14,28,no
33757,6,11,no
34130,1,1,no
34246,3,2,no
34294,8,12,no
34343,5,7,no
34362,4,8,no
34468,4,9,no
34471,2,2,no
34519,9,28,no
34521,4,8,no
34535,5,10,no
34555,1,0,no
34588,1,0,no
34610,7,11,no
34641,4,8,no
34696,1,1,no
34755,1,1,no
34763,4,10,no
34786,4,6,no
34838,4,8,no
34982,2,3,no
35123,10,11,no
35260,5,10,no
35283,1,1,no
35298,7,11,no
35336,8,16,no
35356,8,17,no
35399,3,2,no
35424,4,6,no
35494,5,10,no
35508,8,16,no
35533,9,18,no
35571,15,32,no
35572,4,9,no
35634,1,1,no
35719,4,10,no
35748,1,1,no
35759,1,1,no
35780,16,38,no
35807,1,1,no
35833,4,5,no
35889,2,3,no
35939,4,8,no
35941,4,8,no
35961,4,3,no
35988,12,29,no
35999,4,4,no
36013,3,0,no
36021,8,18,no
36060,4,10,no
36064,6,14,no
36076,6,11,no
36155,5,9,no
36162,1,1,no
36164,4,6,no
36184,2,1,no
36186,1,1,no
36197,5,10,no
36242,2,2,no
36376,1,1,no
36404,14,25,no
36406,8,16,no
36417,4,8,no
36440,6,12,no
36485,3,6,no
36555,1,1,no
36571,5,5,no
36661,8,17,no
36680,4,8,no
36689,1,1,no
36777,2,2,no
36838,1,1,no
36923,10,17,no
36929,1,1,no
37038,3,7,no
37084,3,3,no
37168,2,3,no
37241,5,12,no
37263,4,8,no
37285,8,16,no
37313,1,1,no
37411,1,1,no
37484,5,10,no
37513,5,10,no
37528,2,3,no
37532,1,1,no
37733,5,12,no
37767,1,1,no
37782,2,1,no
37823,7,14,no
37881,2,3,no
37883,6,12,no
38019,2,2,no
38034,1,1,no
38056,1,0,no
38076,7,19,no
38126,2,2,no
38136,4,7,no
38137,4,8,no
38187,4,8,no
38275,8,10,no
38312,1,0,no
38351,5,12,no
38392,4,8,no
38443,1,0,no
38502,7,10,no
38505,5,6,no
38568,4,8,no
38623,1,1,no
38759,4,5,no
38763,1,1,no
38788,1,0,no
38817,5,7,no
38818,5,7,no
38829,2,2,no
38844,5,12,no
38917,4,9,no
38934,1,1,no
38944,5,12,no
38977,1,1,no
38991,12,31,no
39003,1,1,no
39055,4,4,no
39057,5,10,no
39085,5,10,no
39111,4,6,no
39148,2,2,no
39159,4,8,no
39210,4,8,no
39267,8,21,no
39281,4,8,no
39322,6,11,no
39325,2,2,no
39414,4,9,no
39424,5,11,no
39426,5,10,no
39437,5,9,no
39449,8,16,no
39458,1,0,no
39543,2,2,no
39552,5,4,no
39572,6,11,no
39600,1,1,no
39617,15,37,no
39697,1,0,no
39729,5,10,no
39805,1,0,no
39938,1,0,no
40074,3,3,no
40138,4,8,no
40260,1,0,no
40269,4,8,no
40309,11,18,no
40324,4,8,no
40405,1,0,no
40418,6,9,no
40534,1,1,no
40543,2,3,no
40551,12,22,no
40584,1,0,no
40692,2,3,no
40698,3,4,no
40719,5,12,no
40805,12,24,no
40918,1,1,no
40952,2,1,no
40975,1,1,no
41081,6,12,no
41227,7,18,no
41329,1,1,no
41388,4,8,no
41389,8,17,no
41410,5,7,no
41442,9,13,no
41463,4,8,no
41477,4,8,no
41499,8,9,no
41599,8,20,no
41634,4,12,no
41663,14,27,no
41673,5,9,no
41746,1,1,no
41880,3,4,no
41931,4,8,no
41944,7,7,no
42044,4,8,no
42077,1,1,no
42099,2,2,no
42207,3,6,no
42273,6,13,no
42329,2,3,no
42345,12,26,no
42458,1,1,no
42477,11,27,no
42500,2,1,no
42518,5,12,no
42528,7,16,no
42556,1,0,no
42666,8,24,no
42685,4,8,no
42765,1,1,no
42788,16,32,no
42806,14,37,no
42816,4,9,no
42831,4,10,no
42832,4,8,no
42846,2,2,no
42874,3,3,no
42886,5,10,no
42923,4,8,no
42925,10,24,no
43044,12,24,no
43084,2,2,no
43124,8,8,no
43213,1,0,no
43215,1,0,no
43241,5,7,no
43246,1,1,no
43414,11,27,no
43478,4,8,no
43533,1,1,no
43538,2,2,no
43567,4,8,no
43770,10,23,no
43859,2,1,no
44070,8,13,no
44077,4,6,no
44116,5,11,no
44141,15,28,no
44207,6,14,no
44317,4,5,no
44371,4,8,no
44439,13,16,no
44505,4,7,no
44523,8,16,no
44540,7,12,no
44563,1,1,no
44620,3,4,no
44647,10,20,no
44765,13,34,no
44840,5,12,no
44845,1,1,no
44861,4,8,no
44921,1,0,no
44991,1,0,no
44992,3,5,no
45014,2,3,no
45148,5,3,no
45161,2,4,no
45308,1,1,no
45357,4,8,no
45362,1,0,no
45364,1,1,no
45366,2,1,no
45386,1,1,no
45466,16,32,no
45502,6,14,no
45543,1,1,no
45582,4,9,no
45583,5,12,no
45633,4,5,no
45666,16,41,no
45671,4,8,no
45673,14,35,no
45675,2,2,no
45687,1,1,no
45696,1,1,no
45812,1,1,no
45815,13,27,no
45892,1,1,no
45893,1,1,no
45943,4,9,no
46021,7,11,no
46125,6,11,no
46134,8,17,no
46276,1,1,no
46292,5,3,no
46313,4,10,no
46336,9,21,no
46599,1,0,no
46606,4,8,no
46902,2,3,no
46914,12,28,no
46998,1,1,no
47131,3,3,no
47162,1,1,no
47218,10,23,no
47276,4,8,no
47308,1,1,no
47316,1,1,no
47322,1,1,no
47324,2,3,no
47331,4,7,no
47366,4,8,no
47452,10,20,no
47454,1,0,no
47455,5,10,no
47486,12,18,no
47495,4,4,no
47517,6,13,no
47602,7,9,no
47612,1,1,no
47636,10,20,no
47651,1,1,no
47658,2,2,no
47710,1,1,no
47774,1,1,no
47820,12,32,no
47843,8,12,no
47911,7,10,no
47939,1,1,no
47940,1,0,no
47949,1,1,no
47983,8,15,no
47993,2,0,no
48040,4,7,no
48048,8,8,no
48150,1,1,no
48175,8,18,no
48195,4,10,no
48196,1,1,no
48219,7,18,no
48245,6,12,no
48315,8,18,no
48379,4,8,no
48503,1,1,no
48527,5,9,no
48739,8,10,no
48900,4,9,no
48982,6,7,no
48993,10,13,no
49010,1,0,no
49075,4,3,no
49097,4,4,no
49110,1,0,no
49237,2,2,no
49312,1,0,no
49504,1,0,no
49568,5,10,no
49644,7,13,no
49663,4,8,no
49836,6,13,no
49919,1,1,no
49967,2,3,no
50071,1,1,no
50241,1,1,no
50254,4,2,no
50357,8,21,no
50405,8,16,no
50407,3,5,no
50414,1,1,no
50578,4,8,no
50694,4,8,no
50744,3,5,no
50745,6,13,no
50752,7,11,no
50825,4,7,no
50875,1,0,no
50937,4,8,no
51059,10,21,no
51074,1,1,no
51120,5,9,no
51154,10,24,no
51171,4,8,no
51310,2,3,no
51402,5,10,no
51445,4,4,no
51450,1,1,no
51463,4,8,no
51471,5,10,no
51498,3,5,no
51515,4,4,no
51654,8,10,no
51717,4,5,no
51730,4,3,no
51748,10,22,no
51772,8,13,no
51792,2,3,no
51810,1,0,no
51819,1,1,no
51832,4,8,no
52034,9,10,no
52067,1,1,no
52117,1,1,no
52122,1,1,no
52145,6,6,no
52160,4,8,no
52182,8,13,no
52209,1,1,no
52304,4,8,no
52396,7,8,no
52537,1,0,no
52653,2,2,no
52738,12,27,no
52814,4,8,no
52824,15,31,no
52893,4,5,no
52910,8,20,no
52985,6,11,no
53073,7,10,no
53089,5,12,no
53104,2,3,no
53147,4,3,no
53248,11,16,no
53265,4,5,no
53340,4,8,no
53443,5,12,no
53458,10,27,no
53468,1,1,no
53547,1,1,no
53709,12,27,no
53824,2,2,no
53858,14,35,no
53900,13,18,no
53907,5,4,no
53908,4,8,no
53912,4,8,no
54015,16,27,no
54021,3,3,no
54117,4,9,no
54178,11,0,no
54262,4,10,no
54344,1,1,no
54387,6,12,no
54432,2,3,no
54439,4,10,no
54446,16,40,no
54472,4,8,no
54480,5,10,no
54540,1,1,no
54568,2,2,no
54709,5,10,no
54726,4,10,no
54809,4,8,no
54930,4,8,no
54947,7,15,no
54957,9,10,no
54965,5,10,no
55089,5,13,no
55149,5,8,no
55183,5,12,no
55184,5,10,no
55304,10,21,no
55315,4,7,no
55325,2,3,no
55336,5,12,no
55459,6,14,no
55463,2,2,no
55519,3,3,no
55553,1,1,no
55554,5,12,no
55629,2,3,no
55675,1,0,no
55707,4,5,no
55797,11,21,no
55833,1,1,no
55916,6,7,no
55957,8,18,no
55975,1,1,no
56009,1,0,no
56043,1,1,no
56044,1,1,no
56047,8,14,no
56245,9,25,no
56332,4,4,no
56335,4,8,no
56370,9,22,no
56419,5,12,no
56422,13,26,no
56494,7,16,no
56529,1,1,no
56556,7,14,no
56711,4,7,no
56731,6,6,no
56747,5,12,no
56750,8,14,no
56801,8,17,no
56802,4,5,no
56863,2,2,no
56865,2,3,no
56876,5,12,no
56911,4,8,no
56932,4,8,no
56939,4,6,no
56947,4,8,no
56962,13,20,no
57053,5,10,no
57135,5,12,no
57247,4,8,no
57305,4,8,no
57331,1,1,no
57393,5,12,no
57394,1,1,no
57418,6,7,no
57439,4,12,no
57540,5,5,no
57617,1,1,no
57747,4,5,no
57763,1,0,no
57767,4,10,no
57781,7,14,no
57782,5,12,no
57788,6,14,no
57836,2,2,no
57930,1,1,no
57992,2,3,no
58090,5,11,no
58139,1,1,no
58158,5,4,no
58179,4,8,no
58227,3,2,no
58253,4,8,no
58270,2,2,no
58294,3,2,no
58373,1,1,no
58387,2,3,no
58410,2,1,no
58426,2,2,no
58486,16,36,no
58502,8,16,no
58507,4,8,no
58517,2,3,no
58618,4,3,no
58692,12,24,no
58770,7,17,no
58783,1,1,no
58787,6,13,no
58809,1,1,no
58899,7,11,no
58905,1,1,no
58915,4,8,no
59027,4,6,no
59181,1,1,no
59296,4,4,no
59304,1,0,no
59326,5,10,no
59384,4,5,no
59428,2,2,no
59545,13,28,no
59583,1,1,no
59613,1,1,no
59620,1,1,no
59709,4,10,no
59719,7,13,no
59732,1,1,no
59750,12,32,no
59791,14,35,no
59809,1,1,no
59918,5,10,no
59950,2,3,no
59955,1,1,no
60110,2,3,no
60114,1,1,no
60122,1,1,no
60160,10,21,no
60185,13,25,no
60195,1,1,no
60312,2,3,no
60327,3,6,no
60369,4,8,no
60519,15,39,no
60521,15,29,no
60525,15,36,no
60526,4,8,no
60609,1,0,no
60654,8,14,no
60685,3,1,no
60714,1,1,no
60739,1,1,no
60768,5,10,no
60827,8,16,no
60848,3,7,no
60913,5,7,no
60939,6,10,no
61017,4,8,no
61097,13,20,no
61126,5,12,no
61219,5,10,no
61240,5,10,no
61261,3,3,no
61309,10,21,no
61383,1,0,no
61469,2,2,no
61481,1,1,no
61531,12,34,no
61573,5,10,no
61636,5,10,no
61726,7,14,no
61801,12,20,no
61839,4,8,no
61880,1,0,no
61888,9,17,no
61900,4,5,no
61950,4,8,no
61974,13,30,no
61993,6,10,no
62049,4,8,no
62124,6,5,no
62243,4,6,no
62261,1,0,no
62395,1,1,no
62470,7,14,no
62471,8,17,no
62546,2,3,no
62583,4,8,no
62678,2,2,no
62822,5,10,no
62854,1,0,no
62895,4,8,no
62995,10,21,no
62996,7,13,no
63009,12,26,no
63047,1,1,no
63105,8,15,no
63282,5,11,no
63401,1,1,no
63424,2,2,no
63474,5,10,no
63584,5,9,no
63610,1,0,no
63672,1,1,no
63700,11,23,no
63728,1,1,no
63769,5,7,no
63771,7,12,no
63805,2,2,no
63907,5,10,no
64026,10,22,no
64043,4,8,no
64058,2,0,no
64097,4,8,no
64107,4,8,no
64109,6,6,no
64136,1,0,no
64164,2,3,no
64189,6,14,no
64227,7,16,no
64232,3,2,no
64379,1,1,no
64440,5,9,no
64480,4,8,no
64496,2,0,no
64536,1,1,no
64548,2,3,no
64637,6,11,no
64670,2,3,no
64941,1,1,no
65072,4,8,no
65242,1,1,no
65344,4,10,no
65385,1,1,no
65407,6,14,no
65486,4,10,no
65514,1,1,no
65591,7,14,no
65624,4,6,no
65729,8,8,no
65772,2,3,no
65827,13,33,no
65854,1,1,no
66047,1,1,no
66064,4,8,no
66081,9,14,no
66133,2,5,no
66157,4,8,no
66167,3,3,no
66173,1,1,no
66286,1,1,no
66307,5,10,no
66323,8,20,no
66327,4,8,no
66336,9,14,no
66353,10,12,no
66495,2,2,no
66512,13,28,no
66581,4,8,no
66604,8,18,no
66606,1,0,no
66619,4,8,no
66650,8,16,no
66736,5,5,no
66740,1,1,no
66882,1,1,no
66965,4,8,no
67060,1,0,no
67066,3,4,no
67097,16,19,no
67137,8,16,no
67147,1,1,no
67168,4,8,no
67179,4,5,no
67191,1,1,no
67227,1,1,no
67403,3,3,no
67431,3,3,no
67461,14,24,no
67493,2,3,no
67500,5,10,no
67534,2,3,no
67592,1,1,no
67622,4,8,no
67633,3,6,no
67681,1,1,no
67754,5,12,no
67797,4,10,no
67859,4,10,no
67877,4,4,no
67931,1,1,no
67949,12,23,no
67956,3,5,no
67990,3,4,no
68086,5,8,no
68183,6,10,no
68184,5,10,no
68222,5,12,no
68273,2,3,no
68297,6,12,no
68300,2,2,no
68348,4,8,no
68364,4,8,no
68393,16,40,no
68548,3,3,no
68645,6,12,no
68683,1,1,no
68706,1,0,no
68734,2,2,no
68736,1,1,no
68760,4,8,no
68764,8,17,no
68811,1,0,no
68835,5,10,no
68854,12,28,no
68939,4,3,no
69000,4,8,no
69044,3,5,no
69056,8,21,no
69139,7,12,no
69249,5,10,no
69266,5,6,no
69405,2,2,no
69436,1,1,no
69468,3,3,no
69517,12,21,no
69524,3,3,no
69577,4,8,no
69593,3,5,no
69609,4,8,no
69632,1,1,no
69638,11,17,no
69670,5,10,no
69738,5,10,no
69780,1,1,no
69853,1,1,no
69942,5,10,no
69985,1,1,no
70050,4,8,no
70056,2,3,no
70093,8,18,no
70106,1,1,no
70112,2,3,no
70126,8,16,no
70145,4,7,no
70160,2,2,no
70256,9,17,no
70316,1,0,no
70330,4,9,no
70419,1,1,no
70462,1,1,no
70525,2,2,no
70555,3,4,no
70603,1,0,no
70638,10,14,no
70717,8,16,no
70728,2,0,no
70796,1,1,no
70801,13,32,no
70851,4,8,no
71008,11,24,no
71198,4,8,no
71209,1,1,no
71277,12,29,no
71283,5,10,no
71295,5,10,no
71310,4,8,no
71341,8,14,no
71720,4,8,no
71797,8,14,no
71817,3,3,no
71826,1,1,no
71864,1,0,no
71978,10,21,no
71990,4,8,no
71991,4,8,no
72103,1,1,no
72276,2,3,no
72287,8,21,no
72294,12,28,no
72308,7,15,no
72344,4,8,no
72467,4,4,no
72471,1,1,no
72480,7,15,no
72481,3,0,no
72555,1,1,no
72678,8,21,no
72700,2,2,no
72713,8,18,no
72760,10,19,no
72920,1,0,no
72963,3,5,no
72964,4,8,no
73048,6,10,no
73250,12,24,no
73280,4,10,no
73311,1,0,no
73324,3,5,no
73359,10,22,no
73365,3,6,no
73396,10,20,no
73436,2,3,no
73649,4,8,no
73668,1,1,no
73736,4,8,no
73780,1,1,no
73781,8,21,no
73824,2,3,no
73864,9,14,no
73895,1,1,no
73931,3,0,no
73954,10,17,no
74017,1,1,no
74059,2,3,no
74170,1,1,no
74215,7,9,no
74239,2,1,no
74283,1,1,no
74295,3,5,no
74307,5,6,no
74435,9,18,no
74541,4,8,no
74561,4,7,no
74717,13,14,no
74731,1,1,no
74798,1,1,no
74819,1,1,no
74852,1,0,no
74999,3,2,no
75016,2,2,no
75064,4,10,no
75120,7,13,no
75193,7,13,no
75264,3,4,no
75327,10,21,no
75341,8,10,no
75361,7,12,no
75435,4,3,no
75483,1,1,no
75510,6,4,no
75560,2,2,no
75630,5,10,no
75710,1,1,no
75738,2,1,no
75758,10,24,no
75805,1,1,no
75852,4,8,no
75994,1,1,no
76018,1,1,no
76030,11,20,no
76032,9,16,no
76073,9,16,no
76174,3,7,no
76225,4,8,no
76272,1,1,no
76319,6,9,no
76423,2,0,no
76481,8,18,no
76509,1,1,no
76546,5,10,no
76548,11,21,no
76578,4,7,no
76679,8,20,no
76691,15,36,no
76733,10,22,no
76770,4,8,no
76814,3,5,no
76866,1,0,no
76940,11,26,no
76945,2,3,no
77030,1,0,no
77098,4,10,no
77199,1,1,no
77271,1,1,no
77291,2,3,no
77335,1,1,no
77387,4,8,no
77416,1,1,no
77418,1,1,no
77523,4,7,no
77532,2,2,no
77595,5,10,no
77617,9,20,no
77797,4,9,no
77807,1,1,no
77885,5,8,no
77933,1,0,no
77938,1,1,no
78070,4,8,no
78143,1,0,no
78277,2,2,no
78311,4,9,no
78321,4,10,no
78365,4,8,no
78387,2,1,no
78415,8,8,no
78468,1,1,no
78557,4,8,no
78579,4,8,no
78613,3,5,no
78852,1,1,no
78896,9,13,no
78966,4,4,no
79005,4,6,no
79109,8,17,no
79143,11,27,no
79246,3,5,no
79262,1,1,no
79287,2,1,no
79313,5,8,no
79499,8,15,no
79624,15,33,no
79716,4,7,no
79748,1,0,no
79763,1,1,no
79820,1,0,no
79914,7,15,no
79934,5,9,no
79978,2,2,no
80060,1,0,no
80076,1,0,no
80164,1,1,no
80185,4,8,no
80197,4,8,no
80216,2,2,no
80284,5,9,no
80291,8,21,no
80302,4,8,no
80303,1,1,no
80308,5,10,no
80311,1,1,no
80318,2,2,no
80382,1,1,no
80395,5,8,no
80482,8,8,no
80526,5,10,no
80616,2,1,no
80624,4,9,no
80656,5,10,no
80671,9,8,no
80732,1,1,no
80750,1,1,no
80763,4,8,no
80855,5,10,no
80878,3,5,no
80896,1,1,no
81013,3,6,no
81026,3,4,no
81043,1,1,no
81100,5,12,no
81185,1,1,no
81201,5,12,no
81204,4,6,no
81219,4,10,no
81294,2,3,no
81299,6,14,no
81331,8,18,no
81408,1,0,no
81431,1,1,no
81562,1,1,no
81578,1,0,no
81672,2,3,no
81689,2,2,no
81741,1,1,no
81742,2,3,no
81748,4,10,no
82110,3,3,no
82241,1,0,no
82256,5,10,no
82289,14,22,no
82295,12,32,no
82441,5,12,no
82516,1,1,no
82667,2,3,no
82701,9,16,no
82702,1,1,no
82714,4,8,no
82752,7,16,no
82810,12,26,no
82878,1,1,no
82884,6,8,no
82975,4,8,no
82998,4,8,no
82999,4,8,no
83053,1,0,no
83094,3,1,no
83105,1,1,no
83167,1,1,no
83176,1,1,no
83209,4,4,no
83230,1,1,no
83402,3,3,no
83442,2,0,no
83527,4,7,no
83534,1,1,no
83618,11,25,no
83639,4,8,no
83663,3,3,no
83715,9,22,no
83726,3,5,no
83735,4,7,no
83828,4,8,no
83881,2,2,no
83902,5,10,no
84052,2,1,no
84055,2,1,no
84091,1,0,no
84127,2,3,no
84198,3,3,no
84225,5,9,no
84322,8,20,no
84349,6,4,no
84396,12,32,no
84400,10,17,no
84463,1,1,no
84497,2,2,no
84626,1,1,no
84694,1,1,no
84739,1,0,no
84766,8,0,no
84879,1,0,no
84892,2,3,no
84896,9,24,no
84919,1,0,no
84969,2,3,no
85031,2,2,no
85098,4,8,no
85146,3,4,no
85195,4,8,no
85213,1,1,no
85245,4,7,no
85310,1,0,no
85378,14,34,no
85458,2,3,no
85510,1,1,no
85749,4,8,no
85782,1,1,no
85835,3,4,no
85850,1,1,no
86042,2,3,no
86080,9,13,no
86205,1,1,no
86253,16,38,no
86321,4,7,no
86407,1,1,no
86450,1,1,no
86454,1,1,no
86472,1,1,no
86492,7,11,no
86499,4,8,no
86509,5,9,no
86617,4,8,no
86632,5,10,no
86712,8,19,no
86756,10,23,no
86784,8,16,no
86832,4,7,no
86972,4,8,no
87033,12,28,no
87051,2,2,no
87071,9,14,no
87173,15,35,no
87196,9,10,no
87211,3,5,no
87286,3,3,no
87377,4,4,no
87406,1,1,no
87552,4,10,no
87612,4,5,no
87693,5,10,no
87867,2,3,no
88153,1,0,no
88191,3,6,no
88195,5,10,no
88273,6,14,no
88333,12,31,no
88379,14,32,no
88597,3,4,no
88703,4,8,no
88777,5,11,no
88778,5,11,no
88961,6,10,no
89151,4,4,no
89285,4,9,no
89304,15,26,no
89361,2,1,no
89443,4,8,no
89483,5,10,no
89529,5,10,no
89587,10,21,no
89632,14,16,no
89829,1,1,no
89893,16,40,no
89911,3,3,no
89943,14,29,no
89944,2,3,no
90035,6,12,no
90075,2,1,no
90121,4,8,no
90179,4,8,no
90224,12,31,no
90297,8,10,no
90380,4,8,no
90422,2,2,no
90487,5,12,no
90505,4,8,no
90524,1,1,no
90538,1,1,no
90542,6,8,no
90657,5,10,no
90708,4,8,no
90800,5,8,no
90841,2,3,no
90978,3,3,no
91016,1,1,no
91030,2,1,no
91105,7,13,no
91124,1,1,no
91142,4,8,no
91151,1,1,no
91316,4,8,no
91346,4,8,no
91401,2,2,no
91428,16,26,no
91443,8,16,no
91462,4,8,no
91544,4,8,no
91620,2,2,no
91634,1,1,no
91675,2,4,no
91850,6,13,no
91951,1,1,no
91976,2,2,no
91987,3,3,no
92040,1,1,no
92276,6,6,no
92305,2,1,no
92410,1,1,no
92452,9,17,no
92462,5,10,no
92541,1,0,no
92672,1,0,no
92876,2,2,no
92968,8,15,no
93022,1,1,no
93058,3,5,no
93071,3,5,no
93190,4,9,no
93280,3,5,no
93318,1,1,no
93484,1,1,no
93486,1,1,no
93521,2,3,no
93578,1,1,no
93797,3,3,no
93818,13,30,no
93863,6,13,no
93873,10,15,no
93928,4,10,no
94023,1,1,no
94097,4,8,no
94118,6,14,no
94134,2,3,no
94236,4,9,no
94279,9,20,no
94393,13,31,no
94601,1,1,no
94638,7,12,no
94665,6,13,no
94709,6,12,no
94711,10,20,no
94736,4,4,no
94789,6,9,no
94811,1,1,no
94891,4,4,no
94902,4,8,no
95011,2,2,no
95016,1,1,no
95284,12,31,no
95311,5,10,no
95331,1,1,no
95355,14,31,no
95481,5,11,no
95510,4,9,no
95522,8,8,no
95539,5,12,no
95591,4,10,no
95604,2,5,no
95741,1,1,no
95765,10,20,no
95769,12,33,no
95779,12,23,no
96132,11,22,no
96215,10,20,no
96222,4,8,no
96281,1,1,no
96366,4,6,no
96390,4,8,no
96393,1,1,no
96404,2,0,no
96407,1,1,no
96844,3,4,no
96866,1,0,no
96904,4,8,no
96922,4,8,no
97001,4,8,no
97013,6,4,no
97020,9,14,no
97027,10,21,no
97059,1,1,no
97153,4,8,no
97279,2,2,no
97385,6,13,no
97500,5,10,no
97552,9,16,no
97633,3,3,no
97635,2,2,no
97646,2,2,no
97660,3,4,no
97695,4,8,no
97740,6,13,no
97755,10,21,no
97791,8,18,no
97806,4,8,no
97843,4,8,no
97937,4,8,no
97989,4,8,no
98026,4,8,no
98071,4,6,no
98107,4,8,no
98144,4,4,no
98160,4,8,no
98178,6,13,no
98235,1,1,no
98318,5,10,no
98366,2,2,no
98383,4,8,no
98420,6,9,no
98421,8,19,no
98450,6,10,no
98487,5,7,no
98561,1,1,no
98582,6,11,no
98634,4,8,no
98715,4,8,no
98751,4,8,no
98779,2,1,no
98822,8,11,no
98879,9,14,no
98905,6,6,no
98943,8,18,no
98964,16,39,no
98965,3,4,no
99002,1,0,no
99014,13,34,no
99068,3,3,no
99112,1,1,no
99122,1,1,no
99427,9,15,no
99593,2,1,no
99615,4,10,no
99652,1,1,no
99731,1,1,no
99744,1,1,no
99764,6,12,no
99778,2,3,no
99835,2,1,no
99873,4,8,no
99900,1,0,no
99941,4,8,no
99965,10,25,no
100046,4,8,no
100149,4,8,no
100151,4,4,no
100189,2,2,no
100199,2,3,no
100241,4,8,no
100385,1,0,no
100410,4,8,no
100494,1,1,no
100528,3,1,no
100622,9,11,no
100639,1,1,no
100665,7,10,no
100796,2,1,no
100808,8,17,no
100847,8,21,no
100857,1,0,no
100878,5,12,no
100883,1,1,no
100901,3,2,no
100905,6,15,no
100966,1,1,no
101031,1,1,no
101186,4,4,no
101190,4,8,no
101257,12,22,no
101324,3,5,no
101437,1,1,no
101472,3,5,no
101541,15,31,no
101567,9,19,no
101572,8,16,no
101629,1,0,no
101746,9,6,no
101878,9,11,no
101920,1,0,no
101932,4,8,no
101937,2,2,no
101962,2,3,no
101990,8,12,no
101991,2,2,no
102079,4,8,no
102105,4,8,no
102157,1,1,no
102205,10,12,no
102209,2,0,no
102242,2,0,no
102267,4,8,no
102417,2,1,no
102426,10,17,no
102603,12,29,no
102632,4,8,no
102637,7,15,no
102653,5,10,no
102750,4,7,no
102808,5,9,no
102840,1,1,no
102869,1,1,no
102878,3,2,no
102879,3,2,no
102883,4,8,no
102908,4,8,no
102942,5,8,no
103101,3,1,no
103135,4,5,no
103169,9,13,no
103314,7,17,no
103330,1,1,no
103378,8,19,no
103409,4,8,no
103487,3,3,no
103519,7,16,no
103520,1,1,no
103546,2,2,no
103550,4,10,no
103560,1,1,no
103589,1,1,no
103644,4,11,no
103850,5,12,no
103914,1,1,no
103931,5,10,no
104021,1,1,no
104044,6,9,no
104058,1,1,no
104064,1,1,no
104095,4,8,no
104150,4,8,no
104198,4,9,no
104233,6,13,no
104300,1,1,no
104465,1,1,no
104503,2,1,no
104603,2,3,no
104618,4,4,no
104664,6,13,no
104711,1,1,no
104734,1,1,no
104739,2,2,no
104749,1,1,no
104796,4,7,no
104842,4,10,no
104850,2,3,no
104916,4,10,no
104993,8,20,no
105168,7,15,no
105320,8,7,no
105415,4,10,no
105485,5,11,no
105491,1,1,no
105512,1,0,no
105588,13,31,no
105678,1,1,no
105810,3,1,no
105857,7,11,no
105908,4,8,no
106014,15,34,no
106179,4,7,no
106205,5,9,no
106240,4,8,no
106427,15,32,no
106431,1,1,no
106504,1,1,no
106551,16,28,no
106563,1,1,no
106631,8,20,no
106753,5,9,no
106788,13,31,no
106937,10,27,no
106940,1,0,no
106960,1,1,no
107126,1,1,no
107130,1,1,no
107183,1,1,no
107214,1,1,no
107264,5,12,no
107281,4,9,no
107307,9,8,no
107334,12,12,no
107364,4,8,no
107393,8,17,no
107458,6,7,no
107493,1,1,no
107684,1,0,no
107803,3,3,no
107901,3,3,no
107919,4,8,no
107986,5,11,no
108068,3,3,no
108069,7,11,no
108245,5,12,no
108313,1,0,no
108324,4,8,no
108391,5,7,no
108589,4,8,no
108608,3,2,no
108657,1,1,no
108776,1,1,no
108827,10,22,no
108954,5,11,no
109022,1,1,no
109033,5,10,no
109157,5,11,no
109297,1,1,no
109300,1,1,no
109778,2,1,no
110006,14,31,no
110054,5,8,no
110059,4,4,no
110134,4,3,no
110148,1,1,no
110290,4,8,no
110357,5,11,no
110413,4,7,no
110494,1,0,no
110608,2,3,no
110619,8,16,no
110644,6,12,no
110647,4,8,no
110741,3,3,no
110775,11,26,no
110832,3,6,no
110854,2,0,no
110856,6,14,no
110870,4,8,no
110908,10,26,no
110964,11,25,no
111014,1,0,no
111187,1,0,no
111260,14,33,no
111286,3,4,no
111333,5,11,no
111344,3,4,no
111369,5,10,no
111421,3,3,no
111428,5,10,no
111599,4,8,no
111628,14,24,no
111633,2,3,no
111694,4,8,no
111753,2,2,no
111911,14,28,no
111971,1,1,no
112012,1,1,no
112117,6,14,no
112258,4,8,no
112282,1,0,no
112289,8,10,no
112327,1,1,no
112356,2,3,no
112389,3,7,no
112499,6,12,no
112515,3,7,no
112538,4,8,no
112541,2,3,no
112544,1,0,no
112643,1,1,no
112666,4,8,no
112713,8,19,no
112850,1,1,no
112912,8,21,no
112951,4,8,no
112954,3,4,no
112966,13,35,no
113008,1,1,no
113014,1,0,no
113026,4,10,no
113103,1,1,no
113119,6,13,no
113237,6,0,no
113238,5,5,no
113278,8,8,no
113281,5,6,no
113282,8,12,no
113404,4,8,no
113437,2,2,no
113555,3,3,no
113651,1,0,no
113664,2,3,no
113693,1,0,no
113705,7,12,no
113843,5,9,no
113856,1,1,no
113960,4,8,no
114075,7,16,no
114128,2,3,no
114197,4,8,no
114293,1,1,no
114354,4,8,no
114448,1,0,no
114493,9,18,no
114583,8,20,no
114650,4,8,no
114701,3,4,no
114774,5,7,no
114795,15,34,no
114818,4,9,no
114826,4,8,no
114846,1,0,no
114941,5,11,no
114942,1,1,no
114952,5,12,no
115038,8,17,no
115194,5,10,no
115204,8,18,no
115228,4,8,no
115257,5,10,no
115358,1,1,no
115399,6,7,no
115516,2,3,no
115524,1,0,no
115545,9,19,no
115576,5,12,no
115645,1,1,no
115674,10,21,no
115693,7,15,no
115699,2,2,no
115791,1,1,no
115832,2,3,no
115842,5,10,no
115920,4,8,no
115981,3,7,no
116028,7,12,no
116102,4,8,no
116121,2,2,no
116270,4,8,no
116277,4,8,no
116372,5,12,no
116384,5,7,no
116397,10,22,no
116403,4,7,no
116456,2,2,no
116469,5,9,no
116628,4,8,no
116676,2,4,no
116784,3,5,no
116836,1,1,no
116859,2,1,no
116878,3,1,no
116897,5,10,no
116908,1,1,no
117025,4,9,no
117093,5,10,no
117167,1,0,no
117227,1,1,no
117243,3,4,no
117354,4,8,no
117379,7,14,no
117602,6,13,no
117657,5,10,no
117665,2,3,no
117669,1,1,no
117750,2,3,no
117773,12,26,no
117784,6,8,no
117785,4,8,no
117790,4,8,no
117931,1,1,no
117939,5,10,no
117993,1,0,no
118023,4,8,no
118024,4,9,no
118045,1,1,no
118081,4,8,no
118116,4,5,no
118124,1,1,no
118149,1,1,no
118183,4,6,no
118373,1,1,no
118428,4,9,no
118437,8,16,no
118504,12,28,no
118523,5,10,no
118542,7,15,no
118563,7,11,no
118789,7,9,no
118814,8,12,no
118884,4,8,no
118951,4,8,no
118953,4,8,no
118990,5,10,no
119311,6,9,no
119331,6,11,no
119453,7,10,no
119483,6,10,no
119485,2,2,no
119542,1,1,no
119573,10,19,no
119640,8,13,no
119701,1,1,no
119727,5,10,no
119763,1,1,no
119838,1,1,no
119952,5,8,no
120013,1,1,no
120083,10,20,no
120088,1,0,no
120161,4,10,no
120180,1,0,no
120232,5,10,no
120239,12,22,no
120248,5,11,no
120304,9,9,no
120326,4,6,no
120353,2,1,no
120420,6,10,no
120520,6,11,no
120543,5,10,no
120732,9,14,no
120851,4,7,no
120861,1,1,no
120863,1,1,no
120865,1,1,no
120866,1,1,no
120910,3,3,no
120945,4,5,no
120964,1,1,no
121085,2,3,no
121108,5,10,no
121174,8,16,no
121189,1,0,no
121304,3,6,no
121383,4,8,no
121400,2,2,no
121464,1,2,no
121577,2,2,no
121622,1,1,no
121639,8,15,no
121640,4,5,no
121696,4,9,no
121950,5,10,no
121960,2,2,no
121975,3,2,no
122054,9,22,no
122187,4,8,no
122198,2,3,no
122266,2,1,no
122296,1,1,no
122361,4,8,no
122375,5,11,no
122412,5,11,no
122430,13,29,no
122598,12,15,no
122626,1,1,no
122670,2,3,no
122682,1,1,no
122695,4,8,no
122807,4,8,no
122815,4,9,no
122841,12,17,no
122851,1,1,no
122876,1,1,no
122901,10,16,no
122980,2,1,no
123078,5,12,no
123088,10,21,no
123096,3,5,no
123159,1,1,no
123162,1,1,no
123224,5,12,no
123230,3,2,no
123304,7,14,no
123319,8,15,no
123355,13,32,no
123430,13,15,no
123432,4,8,no
123486,1,0,no
123499,2,3,no
123524,6,12,no
123531,5,10,no
123620,8,16,no
123646,2,2,no
123681,6,10,no
123784,8,19,no
123832,1,1,no
123864,1,1,no
123884,5,2,no
123894,15,32,no
123946,4,4,no
124008,4,6,no
124022,4,8,no
124032,1,1,no
124038,4,8,no
124089,8,17,no
124147,6,14,no
124239,5,11,no
124331,8,18,no
124334,3,3,no
124335,5,10,no
124515,5,12,no
124581,5,12,no
124673,5,11,no
124751,8,16,no
124808,1,1,no
124831,1,0,no
124961,7,12,no
124999,2,2,no
125084,4,7,no
125106,3,3,no
125227,5,12,no
125261,1,1,no
125283,5,10,no
125294,6,10,no
125328,4,8,no
125357,9,19,no
125374,5,11,no
125419,3,6,no
125502,1,1,no
125511,4,9,no
125610,5,10,no
125648,1,1,no
125650,4,4,no
125671,4,4,no
125677,1,1,no
125758,1,0,no
125857,6,12,no
125904,4,8,no
125926,2,2,no
125975,9,22,no
126053,4,8,no
126082,12,23,no
126114,11,16,no
126182,4,10,no
126194,1,1,no
126214,9,20,no
126215,8,21,no
126322,1,1,no
126324,6,14,no
126333,4,8,no
126341,14,31,no
126428,2,2,no
126471,15,16,no
126481,4,8,no
126494,5,10,no
126503,5,12,no
126626,1,1,no
126636,1,1,no
126666,5,6,no
126682,2,3,no
126757,5,9,no
126878,4,4,no
126914,4,10,no
126957,1,1,no
126968,4,8,no
127010,1,0,no
127042,7,17,no
127062,6,12,no
127105,2,2,no
127151,7,13,no
127340,1,1,no
127452,5,12,no
127491,5,10,no
127540,4,4,no
127617,1,1,no
127740,1,1,no
127744,11,28,no
127760,1,0,no
127778,2,1,no
127784,2,2,no
127794,7,18,no
127798,1,1,no
127917,1,1,no
127935,1,1,no
128002,9,18,no
128071,1,1,no
128107,9,22,no
128135,4,7,no
128171,1,0,no
128175,4,8,no
128246,3,5,no
128292,1,1,no
128383,2,3,no
128422,16,28,no
128568,1,1,no
128582,14,30,no
128585,1,1,no
128599,2,2,no
128603,1,1,no
128610,12,31,no
128633,6,11,no
128644,5,10,no
128667,2,0,no
128844,4,8,no
128927,4,8,no
128947,4,10,no
129010,10,20,no
129185,4,5,no
129221,1,0,no
129222,1,0,no
129261,4,8,no
129304,1,0,no
129480,2,1,no
129503,3,3,no
129520,1,0,no
129681,4,6,no
129742,12,20,no
129821,4,9,no
129825,4,3,no
129837,1,1,no
129841,8,16,no
129864,7,19,no
129879,1,1,no
129921,8,17,no
129979,5,10,no
130030,13,33,no
130067,2,3,no
130106,1,1,no
130190,5,10,no
130192,5,10,no
130197,1,1,no
130328,2,3,no
130340,8,22,no
130366,8,19,no
130382,1,0,no
130584,4,8,no
130594,1,1,no
130610,1,0,no
130642,7,13,no
130675,1,1,no
130679,1,0,no
130691,8,14,no
130731,2,3,no
130773,8,16,no
130831,1,1,no
130868,2,1,no
131042,16,45,no
131044,2,3,no
131085,13,26,no
131187,1,0,no
131217,1,0,no
131229,8,12,no
131290,1,0,no
131340,5,10,no
131462,1,0,no
131481,5,8,no
131495,9,22,no
131606,5,10,no
131617,1,0,no
131631,6,8,no
131876,1,1,no
132024,1,1,no
132030,5,8,no
132084,1,1,no
132196,2,2,no
132335,1,1,no
132359,5,9,no
132424,5,8,no
132444,3,5,no
132479,5,10,no
132546,4,8,no
132588,1,1,no
132768,4,8,no
132885,1,0,no
132928,1,1,no
132976,2,2,no
133002,8,8,no
133026,1,1,no
133056,6,12,no
133073,4,10,no
133202,5,10,no
133220,12,24,no
133285,4,8,no
133305,4,8,no
133374,4,4,no
133447,7,11,no
133502,10,20,no
133619,1,0,no
133630,4,6,no
133713,15,42,no
133748,4,8,no
133764,8,16,no
133792,11,14,no
133840,5,10,no
133852,5,12,no
133867,4,8,no
133937,4,5,no
134081,4,9,no
134154,4,6,no
134182,1,1,no
134312,9,12,no
134367,1,1,no
134394,3,3,no
134418,7,14,no
134486,2,2,no
134528,1,0,no
134562,1,0,no
134582,2,2,no
134929,2,2,no
134943,4,8,no
134954,1,0,no
134979,4,9,no
135024,1,1,no
135062,1,1,no
135246,9,14,no
135397,4,3,no
135554,1,0,no
135626,1,1,no
135668,4,8,no
135798,3,3,no
135801,1,0,no
135802,5,6,no
135826,11,32,no
135832,4,8,no
135852,2,3,no
135898,1,0,no
135934,4,0,no
135937,6,18,no
135944,1,1,no
136064,1,0,no
136108,4,0,no
136124,4,8,no
136166,6,18,no
136188,1,1,no
136216,4,8,no
136435,1,1,no
136448,1,1,no
136470,10,20,no
136472,2,0,no
136510,5,12,no
136613,6,15,no
136635,4,10,no
136683,8,19,no
136684,2,2,no
136687,2,2,no
136718,8,15,no
136749,1,1,no
136785,9,20,no
136808,2,3,no
136822,8,20,no
136832,2,2,no
136861,12,23,no
136933,3,3,no
136954,3,2,no
136998,1,1,no
137052,4,8,no
137057,5,10,no
137079,3,3,no
137107,4,10,no
137168,4,8,no
137285,1,1,no
137340,5,8,no
137362,5,7,no
137364,5,5,no
137463,12,27,no
137527,1,0,no
137557,4,11,no
137641,4,8,no
137665,16,34,no
137701,1,1,no
137754,4,8,no
137890,4,4,no
137913,4,6,no
137945,11,22,no
137969,7,7,no
138102,2,2,no
138136,3,3,no
138143,15,30,no
138186,3,2,no
138197,1,1,no
138206,4,6,no
138308,2,3,no
138309,4,9,no
138338,3,4,no
138561,5,8,no
138620,1,1,no
138789,8,16,no
138815,16,15,no
138869,16,29,no
138873,13,36,no
138902,4,8,no
138919,3,5,no
138967,4,10,no
138972,4,8,no
139009,16,35,no
139043,16,39,no
139050,1,1,no
139090,1,1,no
139094,4,8,no
139105,1,1,no
139114,13,35,no
139165,5,10,no
139183,3,3,no
139218,8,20,no
139247,2,3,no
139258,14,12,no
139259,9,18,no
139309,15,42,no
139332,4,8,no
139346,4,5,no
139397,13,32,no
139400,4,8,no
139475,12,27,no
139478,11,26,no
139484,1,1,no
139520,4,7,no
139637,4,8,no
139708,4,7,no
139770,13,29,no
139890,4,7,no
139938,1,1,no
139973,1,1,no
140055,3,1,no
140091,9,12,no
140092,3,1,no
140100,1,1,no
140110,5,11,no
140172,1,1,no
140190,1,1,no
140228,4,8,no
140231,1,0,no
140244,9,16,no
140253,1,0,no
140292,8,9,no
140320,9,17,no
140344,4,8,no
140436,4,8,no
140440,4,8,no
140449,2,2,no
140558,5,10,no
140590,3,3,no
140692,5,10,no
140812,1,0,no
140855,10,20,no
140861,7,11,no
140891,1,1,no
140897,1,1,no
140933,1,1,no
140994,4,4,no
141016,5,7,no
141017,4,8,no
141095,2,2,no
141165,11,20,no
141178,2,2,no
141265,1,1,no
141313,4,6,no
141424,5,8,no
141427,6,7,no
141518,5,7,no
141747,1,1,no
141778,1,0,no
141814,5,10,no
141817,5,10,no
141917,5,8,no
141980,6,13,no
141994,6,15,no
142022,4,8,no
142104,4,8,no
142239,3,4,no
142255,1,0,no
142314,2,3,no
142328,2,3,no
142353,1,1,no
142356,4,8,no
142642,3,5,no
142673,1,1,no
142685,1,1,no
142877,8,16,no
142903,1,1,no
142911,1,1,no
142925,7,12,no
142952,4,8,no
142954,4,8,no
142958,4,8,no
142991,5,4,no
143005,2,4,no
143015,8,21,no
143029,4,0,no
143099,5,12,no
143238,10,25,no
143252,4,8,no
143266,1,1,no
143313,7,16,no
143377,16,40,no
143435,8,18,no
143461,2,2,no
143489,4,10,no
143570,8,13,no
143586,6,12,no
143628,4,8,no
143664,1,1,no
143730,1,1,no
143847,1,1,no
143901,3,3,no
143934,1,1,no
143957,5,11,no
143971,1,1,no
144035,13,31,no
144108,5,12,no
144123,14,29,no
144158,3,4,no
144163,3,4,no
144185,5,10,no
144225,10,23,no
144251,5,7,no
144324,8,19,no
144404,1,1,no
144411,5,10,no
144508,2,3,no
144610,4,8,no
144616,1,1,no
144677,1,1,no
144858,12,30,no
145050,5,5,no
145061,6,10,no
145105,5,10,no
145182,9,15,no
145196,9,18,no
145211,2,0,no
145277,1,1,no
145292,8,14,no
145371,7,16,no
145396,6,10,no
145404,4,8,no
145405,5,8,no
145437,8,14,no
145459,10,22,no
145552,4,8,no
145568,4,9,no
145582,4,11,no
145588,3,5,no
145608,4,8,no
145628,12,18,no
145667,1,1,no
145853,1,0,no
145895,1,1,no
145901,3,4,no
145955,2,3,no
146051,3,3,no
146069,2,2,no
146103,5,10,no
146171,5,9,no
146207,1,0,no
146219,4,8,no
146229,10,20,no
146254,4,8,no
146255,4,8,no
146266,4,8,no
146274,12,28,no
146285,4,8,no
146305,1,0,no
146330,1,0,no
146339,4,6,no
146364,8,12,no
146372,4,4,no
146373,5,11,no
146405,1,1,no
146455,14,31,no
146521,1,0,no
146551,6,12,no
146558,1,0,no
146596,1,0,no
146635,4,8,no
146676,4,10,no
146756,4,9,no
146823,4,8,no
146838,4,6,no
146866,4,8,no
146881,15,41,no
147052,4,10,no
147063,8,11,no
147167,4,8,no
147177,8,10,no
147189,2,2,no
147199,1,1,no
147242,8,14,no
147272,6,7,no
147381,5,10,no
147641,15,32,no
147721,1,1,no
147728,9,19,no
147938,1,1,no
147946,13,31,no
148018,8,16,no
148029,2,3,no
148133,6,12,no
148155,4,8,no
148271,15,38,no
148299,12,25,no
148349,4,8,no
148442,6,12,no
148449,7,12,no
148457,4,10,no
148488,4,9,no
148506,1,1,no
148534,5,12,no
148548,4,10,no
148589,3,5,no
148719,5,10,no
148736,1,1,no
148766,4,8,no
148861,1,1,no
148973,1,1,no
149002,1,1,no
149140,13,33,no
149146,8,18,no
149159,1,0,no
149191,1,1,no
149254,8,18,no
149282,1,0,no
149292,4,7,no
149432,2,1,no
149440,3,3,no
149471,5,10,no
149529,4,8,no
149601,4,9,no
149632,14,29,no
149672,4,8,no
149718,1,0,no
149748,8,10,no
149769,2,2,no
149844,6,10,no
149941,4,2,no
149955,4,8,no
149958,1,1,no
149964,1,1,no
149993,1,0,no
150020,2,2,no
150031,1,1,no
150133,4,8,no
150146,4,8,no
150221,1,0,no
150241,2,1,no
150265,2,2,no
150536,14,26,no
150624,4,4,no
150642,4,8,no
150728,4,9,no
150860,16,38,no
150886,16,37,no
150944,3,6,no
150945,2,4,no
150954,14,37,no
150983,3,4,no
150988,4,8,no
151017,8,16,no
151018,7,17,no
151227,4,4,no
151232,10,20,no
151259,1,1,no
151265,2,1,no
151266,6,11,no
151297,12,31,no
151326,4,7,no
151520,4,10,no
151532,4,8,no
151533,1,0,no
151556,10,21,no
151579,6,12,no
151667,1,1,no
151857,2,1,no
151898,4,8,no
151939,5,10,no
151943,1,0,no
151970,3,3,no
151987,9,23,no
152006,1,1,no
152057,1,1,no
152088,12,15,no
152258,1,0,no
152294,2,2,no
152371,1,0,no
152384,1,1,no
152438,8,12,no
152450,4,10,no
152520,1,1,no
152555,1,0,no
152578,3,5,no
152666,5,10,no
152897,8,20,no
152920,4,8,no
152927,4,6,no
153002,4,9,no
153056,7,12,no
153236,4,8,no
153380,4,8,no
153383,1,1,no
153437,5,10,no
153668,2,2,no
153733,9,20,no
153926,9,21,no
153994,1,1,no
154002,11,26,no
154026,4,8,no
154065,2,2,no
154095,5,9,no
154138,5,10,no
154199,4,6,no
154235,4,10,no
154481,4,8,no
154524,1,0,no
154674,5,10,no
154739,4,8,no
154823,6,13,no
154828,1,0,no
154896,4,8,no
154939,9,16,no
154956,5,10,no
155002,2,1,no
155005,8,20,no
155097,1,1,no
155146,5,4,no
155179,8,10,no
155208,4,8,no
155217,6,10,no
155225,1,0,no
155297,2,2,no
155339,4,8,no
155520,8,17,no
155535,5,7,no
155537,4,9,no
155777,10,23,no
155837,2,3,no
155856,3,5,no
155910,1,0,no
156115,5,10,no
156158,6,6,no
156176,4,8,no
156193,3,5,no
156202,8,20,no
156290,5,9,no
156402,9,20,no
156519,1,0,no
156534,7,14,no
156688,1,0,no
156746,2,3,no
156776,4,8,no
156871,1,1,no
156943,6,8,no
157059,1,0,no
157142,13,30,no
157165,3,4,no
157177,10,10,no
157191,4,8,no
157195,12,34,no
157221,1,1,no
157223,4,8,no
157310,1,0,no
157422,4,8,no
157480,1,1,no
157501,5,10,no
157541,4,8,no
157672,1,1,no
157963,1,1,no
158001,1,0,no
158102,4,8,no
158106,5,12,no
158164,10,20,no
158169,10,20,no
158188,5,10,no
158213,12,30,no
158232,3,3,no
158247,4,10,no
158333,4,10,no
158358,5,9,no
158459,1,1,no
158601,1,0,no
158615,6,10,no
158651,4,10,no
158692,4,8,no
158741,10,17,no
158823,9,17,no
158900,5,10,no
158919,16,26,no
158982,4,6,no
158984,10,17,no
159134,5,10,no
159149,2,2,no
159160,1,0,no
159178,4,10,no
159203,4,4,no
159266,5,10,no
159378,1,1,no
159384,1,1,no
159492,5,8,no
159514,1,1,no
159534,4,10,no
159648,4,8,no
159665,6,10,no
159669,1,1,no
159671,13,24,no
159776,1,1,no
159791,4,9,no
159921,1,1,no
159936,6,6,no
159955,11,28,no
160049,16,33,no
160164,2,2,no
160185,5,10,no
160196,1,1,no
160214,1,1,no
160224,2,3,no
160309,4,8,no
160323,1,1,no
160324,4,8,no
160418,4,9,no
160424,2,0,no
160685,13,33,no
160706,5,9,no
160708,4,8,no
160757,6,7,no
160909,4,8,no
160959,12,26,no
160975,3,5,no
161028,5,3,no
161067,1,1,no
161090,4,7,no
161159,2,3,no
161206,5,6,no
161276,12,22,no
161351,4,4,no
161365,9,20,no
161370,1,1,no
161442,1,1,no
161494,8,12,no
161620,8,16,no
161730,5,10,no
161833,4,8,no
161917,1,1,no
161981,13,25,no
162073,1,1,no
162112,4,8,no
162121,4,3,no
162137,4,8,no
162151,3,7,no
162153,4,8,no
162186,1,1,no
162209,7,16,no
162213,2,3,no
162327,7,19,no
162344,7,13,no
162371,1,1,no
162374,1,1,no
162409,1,1,no
162425,1,1,no
162467,1,0,no
162479,4,8,no
162522,3,7,no
162527,2,3,no
162652,9,22,no
162678,1,1,no
162751,4,9,no
162781,6,11,no
162786,1,1,no
162867,5,11,no
162890,1,1,no
162960,4,8,no
162966,4,8,no
163129,1,1,no
163139,8,18,no
163185,1,1,no
163201,2,1,no
163216,3,5,no
163290,1,1,no
163406,2,2,no
163465,11,8,no
163470,1,0,no
163539,5,7,no
163582,2,0,no
163604,2,0,no
163646,2,1,no
163713,6,9,no
163731,1,0,no
163772,4,8,no
163781,8,16,no
163815,4,8,no
163845,8,17,no
163969,7,16,no
164030,2,3,no
164069,3,4,no
164082,4,8,no
164100,9,14,no
164169,2,2,no
164194,8,21,no
164224,4,8,no
164278,4,8,no
164350,4,8,no
164531,3,4,no
164636,13,35,no
164668,4,7,no
164674,4,6,no
164717,2,3,no
164799,2,3,no
164800,15,37,no
164838,4,12,no
164850,4,8,no
164939,5,12,no
164991,2,3,no
165003,6,6,no
165041,1,0,no
165045,1,1,no
165114,4,10,no
165130,2,3,no
165142,3,4,no
165194,4,4,no
165198,1,1,no
165224,5,10,no
165266,5,11,no
165299,7,20,no
165304,2,3,no
165354,14,31,no
165538,2,2,no
165569,3,4,no
165591,1,1,no
165605,9,20,no
165655,3,7,no
165658,11,20,no
165680,1,1,no
165744,8,15,no
165750,4,8,no
165798,4,8,no
165833,6,15,no
165839,1,1,no
165900,9,18,no
165921,1,1,no
165926,6,12,no
165964,4,8,no
165984,1,1,no
166037,10,15,no
166059,10,24,no
166078,1,1,no
166085,8,13,no
166091,3,3,no
166216,14,21,no
166228,10,21,no
166238,8,18,no
166281,8,15,no
166310,12,28,no
166352,1,0,no
166390,4,8,no
166430,3,3,no
166444,2,3,no
166485,1,1,no
166572,4,10,no
166592,1,1,no
166629,1,1,no
166660,4,10,no
166682,4,8,no
166747,2,1,no
166832,4,8,no
166921,9,22,no
166927,1,1,no
166939,7,12,no
166965,6,12,no
166981,8,14,no
166991,4,8,no
167017,4,5,no
167033,5,10,no
167109,9,21,no
167128,1,0,no
167150,13,35,no
167299,1,0,no
167386,4,7,no
167431,4,8,no
167525,3,5,no
167536,3,4,no
167577,4,8,no
167630,2,2,no
167674,1,1,no
167685,4,8,no
167773,7,15,no
167782,5,9,no
167836,3,1,no
167895,4,8,no
168036,1,0,no
168062,3,2,no
168078,5,12,no
168205,5,10,no
168211,6,11,no
168255,5,10,no
168315,1,1,no
168380,3,5,no
168485,16,16,no
168486,2,3,no
168531,6,11,no
168537,5,10,no
168543,1,0,no
168624,1,1,no
168775,3,4,no
168789,12,30,no
168804,4,9,no
168884,1,0,no
168921,2,2,no
168986,12,24,no
168987,4,4,no
168999,2,3,no
169096,14,29,no
169168,1,1,no
169197,1,1,no
169206,3,4,no
169262,5,10,no
169320,6,12,no
169346,5,10,no
169365,1,0,no
169366,5,10,no
169384,1,1,no
169427,4,7,no
169492,12,18,no
169518,2,1,no
169599,4,8,no
169650,5,10,no
169658,1,1,no
169671,1,1,no
169705,1,1,no
169717,5,7,no
169776,13,30,no
169789,2,2,no
169791,4,10,no
169799,2,2,no
169802,5,5,no
169923,4,10,no
169932,1,1,no
169966,7,13,no
170106,3,5,no
170107,4,7,no
170168,8,12,no
170234,12,27,no
170282,13,23,no
170287,1,1,no
170310,4,7,no
170326,13,26,no
170384,1,1,no
170426,7,13,no
170433,4,8,no
170462,4,8,no
170470,4,8,no
170472,4,8,no
170489,6,12,no
170493,2,3,no
170535,4,5,no
170618,5,10,no
170646,1,1,no
170707,5,10,no
170759,7,17,no
170788,1,1,no
170837,4,8,no
170846,4,4,no
170905,3,1,no
170918,4,8,no
170920,12,29,no
170928,15,33,no
170931,8,19,no
171061,4,8,no
171175,1,0,no
171207,6,9,no
171230,8,0,no
171275,1,1,no
171328,1,0,no
171363,4,8,no
171440,6,15,no
171456,8,12,no
171511,5,10,no
171557,8,15,no
171564,13,21,no
171578,3,1,no
171594,12,31,no
171602,1,0,no
171666,4,6,no
171720,3,4,no
171785,2,2,no
171844,4,3,no
171887,4,10,no
171892,1,1,no
171970,5,10,no
172084,7,12,no
172141,2,3,no
172186,1,1,no
172247,6,6,no
172312,4,8,no
172320,2,2,no
172345,8,14,no
172412,6,8,no
172433,8,8,no
172466,4,8,no
172476,2,0,no
172479,2,1,no
172492,6,11,no
172504,2,3,no
172800,7,8,no
172860,4,8,no
172864,2,3,no
172871,5,8,no
172927,5,7,no
172979,5,10,no
173046,4,8,no
173069,4,8,no
173129,4,8,no
173228,1,1,no
173336,6,6,no
173366,4,4,no
173431,8,19,no
173456,1,1,no
173480,2,2,no
173634,1,1,no
173646,5,2,no
173694,4,8,no
173714,5,11,no
173834,1,0,no
173857,7,15,no
173947,4,4,no
174011,1,1,no
174018,4,8,no
174126,1,0,no
174241,7,12,no
174277,4,8,no
174377,3,7,no
174511,7,9,no
174513,6,15,no
174552,4,9,no
174575,1,0,no
174580,1,1,no
174628,2,2,no
174632,2,4,no
174718,5,10,no
174840,5,8,no
174863,4,3,no
174960,3,3,no
174966,4,8,no
174994,5,9,no
175007,1,1,no
175029,9,18,no
175071,5,11,no
175096,3,4,no
175440,10,19,no
175472,1,1,no
175669,16,36,no
175677,4,8,no
175704,16,32,no
175728,4,8,no
175785,4,8,no
175800,1,1,no
175872,4,4,no
175952,8,17,no
175989,1,0,no
176005,1,0,no
176043,5,10,no
176184,1,1,no
176223,1,1,no
176297,4,10,no
176307,1,1,no
176440,4,8,no
176445,10,22,no
176491,6,14,no
176583,1,0,no
176585,5,10,no
176601,3,5,no
176633,1,1,no
176689,1,0,no
176755,4,8,no
176778,4,9,no
176840,13,30,no
176867,1,1,no
176963,5,13,no
177100,7,13,no
177152,1,0,no
177164,1,1,no
177174,5,5,no
177207,1,1,no
177226,1,0,no
177388,4,8,no
177404,4,5,no
177471,4,10,no
177472,4,4,no
177474,4,8,no
177607,4,8,no
177618,4,7,no
177658,1,1,no
177713,5,10,no
177720,5,10,no
177752,1,1,no
177801,2,4,no
177914,4,8,no
177924,5,10,no
177930,5,8,no
177969,4,8,no
178084,4,10,no
178109,15,27,no
178219,2,3,no
178273,4,8,no
178346,5,10,no
178382,4,8,no
178409,8,16,no
178566,8,19,no
178575,1,0,no
178579,3,3,no
178606,2,2,no
178607,5,10,no
178648,1,1,no
178652,3,8,no
178816,1,1,no
178845,1,1,no
178876,5,7,no
178944,2,3,no
178991,5,10,no
179107,1,0,no
179120,1,1,no
179124,1,1,no
179218,4,8,no
179263,2,2,no
179383,4,7,no
179529,1,1,no
179591,6,12,no
179669,2,2,no
179772,1,0,no
179784,2,0,no
179905,4,8,no
179985,4,9,no
179994,9,14,no
180053,1,1,no
180065,3,4,no
180168,12,26,no
180277,8,14,no
180301,2,3,no
180395,8,17,no
180409,4,8,no
180444,6,12,no
180548,7,17,no
180681,1,1,no
180709,14,34,no
180733,2,3,no
180772,1,0,no
180831,4,8,no
180841,12,27,no
180852,1,1,no
180923,1,1,no
180956,4,10,no
180982,1,1,no
180992,6,12,no
181091,7,12,no
181161,5,7,no
181186,2,3,no
181252,12,18,no
181290,14,36,no
181303,5,12,no
181322,2,1,no
181391,1,1,no
181392,2,1,no
181421,1,0,no
181428,4,8,no
181433,5,12,no
181456,5,12,no
181506,14,21,no
181559,1,1,no
181606,4,8,no
181632,4,8,no
181743,7,8,no
181853,3,5,no
181879,1,0,no
181931,6,6,no
182029,4,8,no
182120,5,10,no
182137,6,13,no
182180,4,8,no
182251,6,15,no
182367,5,12,no
182483,5,9,no
182500,11,16,no
182519,4,8,no
182588,2,2,no
182617,4,7,no
182624,4,8,no
182629,1,1,no
182636,1,1,no
182648,1,1,no
182703,2,5,no
182756,8,21,no
182939,1,1,no
183032,1,1,no
183050,4,1,no
183198,4,10,no
183239,4,6,no
183256,3,5,no
183337,2,2,no
183390,16,38,no
183404,4,8,no
183453,8,17,no
183500,2,3,no
183538,1,1,no
183623,4,10,no
183642,4,8,no
183688,2,3,no
183697,4,8,no
183777,4,8,no
183803,16,43,no
183804,5,10,no
183835,1,1,no
183846,3,3,no
183878,1,1,no
184201,10,23,no
184243,1,1,no
184254,2,3,no
184294,5,10,no
184318,8,20,no
184452,4,8,no
184467,5,8,no
184470,5,11,no
184528,8,22,no
184580,12,16,no
184619,7,13,no
184639,4,8,no
184667,4,9,no
184670,4,9,no
184736,1,1,no
184798,4,7,no
184815,3,4,no
184859,4,8,no
184923,4,8,no
184934,14,34,no
185020,1,0,no
185021,4,7,no
185052,1,0,no
185059,1,1,no
185096,1,1,no
185194,4,8,no
185235,2,5,no
185421,4,8,no
185441,4,8,no
185480,1,1,no
185604,3,7,no
185646,5,12,no
185688,10,0,no
185784,2,3,no
185788,2,2,no
185792,4,8,no
185808,12,28,no
185902,4,7,no
185970,6,12,no
186020,5,12,no
186037,10,18,no
186160,1,1,no
186244,6,5,no
186247,6,12,no
186255,8,8,no
186259,4,8,no
186348,1,1,no
186399,4,10,no
186481,4,8,no
186504,5,11,no
186554,4,8,no
186668,1,1,no
186707,4,8,no
186720,13,29,no
186829,6,13,no
187011,1,1,no
187015,4,8,no
187019,5,10,no
187035,1,1,no
187141,4,4,no
187328,1,1,no
187336,4,2,no
187374,4,7,no
187389,2,3,no
187437,4,8,no
187474,8,13,no
187484,3,3,no
187488,4,4,no
187577,4,4,no
187628,4,8,no
187683,7,10,no
187733,5,7,no
187783,4,8,no
187812,1,1,no
187860,4,8,no
187951,1,0,no
188039,2,0,no
188061,16,18,no
188155,1,0,no
188265,7,13,no
188360,8,18,no
188376,8,16,no
188414,4,7,no
188425,2,1,no
188565,3,2,no
188573,5,10,no
188602,8,17,no
188670,6,11,no
188920,5,12,no
189081,5,8,no
189097,4,6,no
189161,6,12,no
189165,8,18,no
189195,7,15,no
189277,2,3,no
189422,4,8,no
189430,13,21,no
189462,5,10,no
189601,4,10,no
189743,1,1,no
189817,8,15,no
189843,5,10,no
189865,1,1,no
189893,12,29,no
189913,4,8,no
189919,1,1,no
189932,5,10,no
190007,4,4,no
190029,4,8,no
190072,13,28,no
190088,1,1,no
190107,8,16,no
190248,1,1,no
190322,12,26,no
190333,8,14,no
190346,12,21,no
190368,11,19,no
190415,2,2,no
190419,1,1,no
190449,1,1,no
190452,1,0,no
190523,4,10,no
190567,4,9,no
190632,1,1,no
190642,2,2,no
190696,2,2,no
190719,1,1,no
191004,6,14,no
191121,4,8,no
191173,4,8,no
191214,4,9,no
191325,1,1,no
191399,2,3,no
191494,4,4,no
191501,8,19,no
191509,9,21,no
191586,9,15,no
191600,4,6,no
191677,1,0,no
191706,7,12,no
191820,2,3,no
191830,1,1,no
191886,9,14,no
191896,5,10,no
191988,2,3,no
192031,3,3,no
192278,2,5,no
192319,4,8,no
192411,6,10,no
192604,8,17,no
192724,5,11,no
192755,4,8,no
192798,4,10,no
192806,1,1,no
192812,9,18,no
192844,8,16,no
192919,3,4,no
192922,11,25,no
192924,16,30,no
192938,5,10,no
193001,4,8,no
193071,2,2,no
193093,4,6,no
193094,4,8,no
193165,4,8,no
193240,1,1,no
193462,4,9,no
193541,4,8,no
193584,4,10,no
193624,4,8,no
193632,4,8,no
193678,1,1,no
193689,8,18,no
193738,10,24,no
193792,4,8,no
193955,1,1,no
193994,2,3,no
194025,4,8,no
194050,1,0,no
194069,7,16,no
194092,1,1,no
194118,1,0,no
194190,8,14,no
194193,2,2,no
194231,2,2,no
194272,4,8,no
194298,2,3,no
194315,5,8,no
194337,6,12,no
194351,4,4,no
194368,9,23,no
194481,1,0,no
194486,4,4,no
194502,4,6,no
194516,7,18,no
194678,2,3,no
194709,1,1,no
194733,8,13,no
194796,4,8,no
194839,1,1,no
194976,4,8,no
195015,4,8,no
195259,1,1,no
195326,4,5,no
195368,13,37,no
195394,4,8,no
195589,1,1,no
195591,1,1,no
195612,2,2,no
195626,4,7,no
195698,4,4,no
195934,5,10,no
195952,1,1,no
195996,13,35,no
196069,7,16,no
196180,4,8,no
196189,9,14,no
196255,3,6,no
196268,4,10,no
196280,2,2,no
196377,2,2,no
196458,3,3,no
196741,1,0,no
196779,5,12,no
196985,1,1,no
197067,13,30,no
197125,1,1,no
197206,1,0,no
197213,4,8,no
197451,5,10,no
197461,4,8,no
197470,4,10,no
197548,2,3,no
197588,4,8,no
197656,2,2,no
197658,8,17,no
197705,4,8,no
197726,9,13,no
197983,10,29,no
198032,8,18,no
198186,4,5,no
198225,5,10,no
198279,8,18,no
198351,8,13,no
198402,1,1,no
198410,7,9,no
198491,4,8,no
198498,5,11,no
198532,4,8,no
198642,15,26,no
198678,10,16,no
198684,5,10,no
198876,4,4,no
198887,5,12,no
198908,5,10,no
198913,1,1,no
198916,4,8,no
198948,1,1,no
198976,5,11,no
198988,12,25,no
198998,1,1,no
199160,4,8,no
199242,1,1,no
199270,6,17,no
199327,1,1,no
199408,10,15,no
199451,12,25,no
199483,3,6,no
199512,5,10,no
199523,5,10,no
199555,1,1,no
199578,2,4,no
199644,8,17,no
199646,4,8,no
199703,5,10,no
199833,4,4,no
199920,4,8,no
199928,9,14,no
199945,8,17,no
199954,12,22,no
199984,5,8,no
199988,15,4,no
199996,6,11,no
200069,1,0,no
200091,1,1,no
200108,4,8,no
200161,4,8,no
200196,8,23,no
200213,8,18,no
200222,5,10,no
200295,1,1,no
200428,14,24,no
200433,2,3,no
200549,5,10,no
200577,1,1,no
200608,16,34,no
200779,6,12,no
200780,9,15,no
200820,8,16,no
200853,1,0,no
200942,13,24,no
200945,11,27,no
201004,4,8,no
201037,7,12,no
201103,14,22,no
201238,4,9,no
201264,1,1,no
201305,2,3,no
201326,3,4,no
201379,1,0,no
201417,4,10,no
201521,4,8,no
201532,5,12,no
201606,2,3,no
201622,2,3,no
201742,4,7,no
201796,1,1,no
201907,1,1,no
201919,7,13,no
201945,6,11,no
202024,1,1,no
202082,6,13,no
202132,11,21,no
202165,4,8,no
202170,4,8,no
202242,1,1,no
202258,4,10,no
202292,3,3,no
202415,3,2,no
202619,1,1,no
202633,5,11,no
202665,8,16,no
202679,12,26,no
202887,6,11,no
202921,8,18,no
202930,3,3,no
203054,1,0,no
203109,1,1,no
203334,1,1,no
203339,14,35,no
203397,8,7,no
203401,1,0,no
203557,2,3,no
203571,1,1,no
203572,1,1,no
203609,4,3,no
203916,7,16,no
203937,6,6,no
203961,4,8,no
203979,11,26,no
203984,2,2,no
204077,2,4,no
204090,4,7,no
204098,1,1,no
204211,3,3,no
204319,2,4,no
204371,4,8,no
204415,1,0,no
204606,2,1,no
204611,1,1,no
204664,4,8,no
204682,4,4,no
204725,4,7,no
204895,4,8,no
204896,1,1,no
204910,1,1,no
204927,1,1,no
204991,4,8,no
204993,3,3,no
205000,5,8,no
205107,1,1,no
205246,12,24,no
205291,1,1,no
205301,4,8,no
205326,5,12,no
205408,4,8,no
205428,6,12,no
205467,4,8,no
205502,8,17,no
205543,5,12,no
205579,2,2,no
205652,1,1,no
205704,8,10,no
205715,4,8,no
205739,6,11,no
205940,1,1,no
205945,1,1,no
205998,1,1,no
206002,1,0,no
206323,2,3,no
206325,4,8,no
206332,5,10,no
206389,1,1,no
206440,4,8,no
206634,2,3,no
206659,2,2,no
206753,1,0,no
206793,4,8,no
206797,3,4,no
206803,4,8,no
206838,4,8,no
206915,4,8,no
206964,2,3,no
207075,12,16,no
207087,4,6,no
207339,1,1,no
207406,1,1,no
207448,6,12,no
207530,5,10,no
207642,13,19,no
207712,9,13,no
207722,1,1,no
207727,2,2,no
207729,3,4,no
207730,9,12,no
207733,3,2,no
208073,10,17,no
208100,4,6,no
208140,4,8,no
208178,4,8,no
208248,6,4,no
208286,5,10,no
208313,1,1,no
208369,16,32,no
208396,2,2,no
208575,4,8,no
208612,2,3,no
208622,1,1,no
208759,2,3,no
208882,16,36,no
208891,5,10,no
208901,2,0,no
208956,1,1,no
208967,2,2,no
209001,8,18,no
209081,3,4,no
209083,4,8,no
209084,4,8,no
209127,4,8,no
209259,1,1,no
209266,4,9,no
209275,3,5,no
209394,5,9,no
209403,12,18,no
209427,8,19,no
209606,7,13,no
209617,8,18,no
209645,6,8,no
209728,3,3,no
209750,6,11,no
209763,4,7,no
209773,1,1,no
209943,8,17,no
209982,5,7,no
210135,10,18,no
210168,5,10,no
210169,4,8,no
210254,12,26,no
210303,12,29,no
210333,4,9,no
210343,1,0,no
210361,4,8,no
210477,1,1,no
210542,7,6,no
210592,4,8,no
210638,1,1,no
210724,2,4,no
210758,2,3,no
210780,2,1,no
210789,6,12,no
210792,5,9,no
210888,4,8,no
211136,1,0,no
211190,5,10,no
211247,1,1,no
211306,5,10,no
211473,2,1,no
211486,6,11,no
211502,1,1,no
211527,4,3,no
211603,2,0,no
211699,16,40,no
211726,5,10,no
211882,4,8,no
211911,4,8,no
211957,4,8,no
212089,4,7,no
212121,8,18,no
212154,2,3,no
212195,4,8,no
212239,12,24,no
212251,4,8,no
212256,9,14,no
212405,16,41,no
212518,5,11,no
212529,8,16,no
212570,4,8,no
212731,1,1,no
212843,11,14,no
212856,1,1,no
212897,2,3,no
212973,1,1,no
213029,4,8,no
213040,13,35,no
213071,5,11,no
213089,4,11,no
213117,2,3,no
213126,1,1,no
213146,1,1,no
213188,4,8,no
213191,1,1,no
213207,5,12,no
213262,3,4,no
213275,5,10,no
213295,1,1,no
213302,3,5,no
213349,1,1,no
213514,4,6,no
213633,5,10,no
213726,5,12,no
213787,10,21,no
213802,4,4,no
213901,4,8,no
213912,2,2,no
213916,1,1,no
213938,2,3,no
213969,7,12,no
214116,2,1,no
214121,4,8,no
214187,5,7,no
214281,2,1,no
214309,4,8,no
214332,6,6,no
214397,2,3,no
214420,1,1,no
214431,4,8,no
214444,5,10,no
214462,8,16,no
214463,12,20,no
214481,5,11,no
214529,7,8,no
214537,8,16,no
214581,1,1,no
214597,14,26,no
214736,4,8,no
214878,8,11,no
214902,4,8,no
215113,2,3,no
215163,3,2,no
215188,4,8,no
215191,2,2,no
215196,5,12,no
215327,1,0,no
215358,8,19,no
215365,4,8,no
215581,4,8,no
215591,13,25,no
215599,1,1,no
215625,1,0,no
215696,8,14,no
215752,1,1,no
215756,4,9,no
215835,2,2,no
215863,4,8,no
215926,1,1,no
215991,1,1,no
216037,8,14,no
216073,16,24,no
216250,3,6,no
216251,11,20,no
216331,1,1,no
216378,4,6,no
216498,2,1,no
216517,2,2,no
216587,1,0,no
216595,2,2,no
216671,2,2,no
216765,4,8,no
216844,9,14,no
216877,4,7,no
216916,4,9,no
217060,6,15,no
217096,11,18,no
217155,4,7,no
217174,5,11,no
217187,13,26,no
217264,2,3,no
217292,3,5,no
217328,5,10,no
217368,1,0,no
217372,4,8,no
217395,5,9,no
217503,1,1,no
217653,7,13,no
217727,4,10,no
217734,1,0,no
217735,2,3,no
217742,5,10,no
217766,1,1,no
217903,4,8,no
217922,8,15,no
218053,5,10,no
218058,8,19,no
218060,4,8,no
218079,4,8,no
218122,5,10,no
218202,1,1,no
218254,2,2,no
218263,10,30,no
218315,4,6,no
218327,5,6,no
218412,2,3,no
218472,4,8,no
218598,5,10,no
218618,7,14,no
218628,1,0,no
218705,1,1,no
218784,1,1,no
218814,1,0,no
219065,13,24,no
219208,1,1,no
219311,5,8,no
219440,5,8,no
219469,1,1,no
219478,3,3,no
219538,4,10,no
219617,5,10,no
219673,10,18,no
219715,2,2,no
219900,4,9,no
219904,4,9,no
219960,4,8,no
220011,1,0,no
220069,2,2,no
220166,5,12,no
220227,4,10,no
220293,6,2,no
220326,1,1,no
220330,1,1,no
220435,1,1,no
220448,13,35,no
220483,4,8,no
220493,2,2,no
220505,6,14,no
220651,4,8,no
220697,8,16,no
220732,2,3,no
220753,4,8,no
220921,4,8,no
220923,12,26,no
220961,4,4,no
221004,3,5,no
221041,11,12,no
221091,5,8,no
221143,4,4,no
221238,3,4,no
221326,8,19,no
221404,4,8,no
221425,2,3,no
221494,9,18,no
221530,5,10,no
221550,4,8,no
221628,5,11,no
221720,2,3,no
221788,10,21,no
221857,2,2,no
221862,4,10,no
221889,2,2,no
221931,13,36,no
221957,9,22,no
221994,1,0,no
222056,1,1,no
222063,4,8,no
222124,5,9,no
222127,4,6,no
222183,2,0,no
222203,5,11,no
222292,13,23,no
222294,3,6,no
222355,1,0,no
222380,1,1,no
222437,1,1,no
222522,12,18,no
222525,5,10,no
222577,1,0,no
222677,4,9,no
222718,4,8,no
222720,8,16,no
222777,11,26,no
222926,4,8,no
222966,3,3,no
223008,8,18,no
223064,8,18,no
223070,6,12,no
223112,1,0,no
223116,6,10,no
223295,2,0,no
223303,1,1,no
223328,2,0,no
223493,1,1,no
223575,4,6,no
223624,5,12,no
223707,1,0,no
223815,2,2,no
223859,7,16,no
223941,1,1,no
223952,5,11,no
223964,13,22,no
224155,2,1,no
224157,2,3,no
224362,8,13,no
224444,8,8,no
224448,4,8,no
224478,1,1,no
224508,3,3,no
224520,1,0,no
224704,5,5,no
224810,8,12,no
224839,13,25,no
224900,4,8,no
224933,1,1,no
225016,3,4,no
225026,4,10,no
225047,1,1,no
225123,4,8,no
225195,2,5,no
225227,9,21,no
225261,8,5,no
225285,1,1,no
225305,3,3,no
225387,4,5,no
225388,11,20,no
225494,4,3,no
225533,4,8,no
225536,8,21,no
225549,4,8,no
225602,5,10,no
225615,4,10,no
225624,3,3,no
225697,1,0,no
225765,1,1,no
225849,2,1,no
225932,4,6,no
225967,3,2,no
225975,2,3,no
225979,4,10,no
226004,1,0,no
226020,6,12,no
226136,8,17,no
226147,4,8,no
226164,10,21,no
226211,1,1,no
226260,1,0,no
226341,8,20,no
226361,2,0,no
226380,4,8,no
226487,1,0,no
226583,2,2,no
226624,11,17,no
226644,4,10,no
226688,2,3,no
226724,1,0,no
226763,1,1,no
226849,4,8,no
226876,1,1,no
226956,4,10,no
226981,4,8,no
226996,4,5,no
226999,10,23,no
227033,4,8,no
227049,1,1,no
227060,8,13,no
227087,1,0,no
227310,7,12,no
227311,4,8,no
227414,1,1,no
227419,6,5,no
227431,4,8,no
227508,1,1,no
227590,5,12,no
227599,4,7,no
227610,4,7,no
227722,11,23,no
227743,5,10,no
227842,13,30,no
228053,4,4,no
228065,2,3,no
228087,4,8,no
228159,3,5,no
228225,4,8,no
228230,7,15,no
228251,4,2,no
228273,4,8,no
228341,1,0,no
228433,6,6,no
228447,2,2,no
228514,1,1,no
228525,4,8,no
228537,16,34,no
228583,3,3,no
228620,8,18,no
228636,1,0,no
228720,6,12,no
228746,6,12,no
228781,1,1,no
228836,2,2,no
228838,9,21,no
228887,4,8,no
228892,1,1,no
228921,4,4,no
229013,2,2,no
229064,5,10,no
229145,4,8,no
229179,1,1,no
229215,1,1,no
229305,1,1,no
229450,2,0,no
229491,7,15,no
229578,5,7,no
229592,1,1,no
229617,4,9,no
229626,4,8,no
229683,1,0,no
229712,1,1,no
229728,15,23,no
229729,5,11,no
229756,4,9,no
229907,1,1,no
229916,14,30,no
229918,7,11,no
229945,5,10,no
229951,1,1,no
230058,4,8,no
230106,1,1,no
230236,3,3,no
230281,1,1,no
230322,4,4,no
230394,1,1,no
230459,16,32,no
230485,4,5,no
230510,10,21,no
230600,4,8,no
230623,2,3,no
230632,1,1,no
230687,1,1,no
230691,1,1,no
230696,1,1,no
230704,1,0,no
230765,1,1,no
230779,5,10,no
230836,2,3,no
230865,2,2,no
230895,4,8,no
230943,13,22,no
230959,5,9,no
230985,3,2,no
231040,16,43,no
231064,1,1,no
231087,1,1,no
231108,1,2,no
231113,1,1,no
231122,12,34,no
231149,14,27,no
231216,4,9,no
231225,1,1,no
231232,4,3,no
231335,4,8,no
231507,1,1,no
231553,4,8,no
231562,9,20,no
231692,4,8,no
231719,2,1,no
231734,3,0,no
231779,5,8,no
231810,13,34,no
231840,2,2,no
231866,5,11,no
231890,2,3,no
231895,4,6,no
231897,7,13,no
231973,11,29,no
231975,2,2,no
231989,13,33,no
232014,1,1,no
232036,7,15,no
232061,1,0,no
232072,10,22,no
232089,1,1,no
232143,5,6,no
232195,5,10,no
232199,5,10,no
232252,1,0,no
232330,4,6,no
232355,1,1,no
232372,14,35,no
232402,1,1,no
232409,4,8,no
232467,1,1,no
232535,2,2,no
232545,12,20,no
232550,8,20,no
232617,5,10,no
232677,6,12,no
232721,8,9,no
232741,9,18,no
232771,3,3,no
232832,1,1,no
232952,1,1,no
232969,2,1,no
232990,4,10,no
233020,12,24,no
233025,7,13,no
233076,2,3,no
233105,4,8,no
233207,1,0,no
233234,8,23,no
233365,1,1,no
233403,4,7,no
233408,2,2,no
233499,4,8,no
233583,4,9,no
233599,3,6,no
233653,2,2,no
233668,5,10,no
233864,8,15,no
233890,14,15,no
233919,5,10,no
233999,4,7,no
234004,2,1,no
234005,3,4,no
234035,4,8,no
234162,5,9,no
234192,4,8,no
234234,4,8,no
234336,1,1,no
234396,1,0,no
234501,1,1,no
234536,9,16,no
234641,8,18,no
234650,1,1,no
234781,1,0,no
235011,3,5,no
235043,1,1,no
235132,5,9,no
235169,1,1,no
235182,12,26,no
235189,1,1,no
235242,15,32,no
235366,10,12,no
235407,15,27,no
235413,4,7,no
235419,1,0,no
235518,8,13,no
235552,4,4,no
235572,2,3,no
235584,6,14,no
235681,4,10,no
235725,4,8,no
235731,4,9,no
235789,8,17,no
235916,4,8,no
235934,5,5,no
236006,8,16,no
236106,4,8,no
236133,5,10,no
236173,4,5,no
236183,6,4,no
236193,2,3,no
236306,6,9,no
236410,10,24,no
236416,2,2,no
236420,10,22,no
236567,1,1,no
236572,3,1,no
236604,4,4,no
236645,8,15,no
236663,1,0,no
236700,9,21,no
236736,4,10,no
236737,3,5,no
236851,1,0,no
236898,4,8,no
236925,1,1,no
236960,1,2,no
236961,2,3,no
237121,3,5,no
237150,2,3,no
237198,12,29,no
237217,5,10,no
237260,1,0,no
237357,2,3,no
237360,2,1,no
237642,2,2,no
237691,6,9,no
237713,6,12,no
237726,4,9,no
237934,8,12,no
237981,4,7,no
238004,1,0,no
238038,7,16,no
238056,4,8,no
238058,1,0,no
238094,4,10,no
238098,3,5,no
238110,4,4,no
238114,2,2,no
238143,4,8,no
238184,5,11,no
238260,2,3,no
238276,1,0,no
238280,9,14,no
238293,1,1,no
238392,4,8,no
238500,3,3,no
238541,1,1,no
238610,5,8,no
238619,1,1,no
238633,6,7,no
238655,4,8,no
238665,4,8,no
238676,4,8,no
238772,4,8,no
238890,1,1,no
238901,1,0,no
238904,1,1,no
238948,14,28,no
238986,2,2,no
239086,5,10,no
239189,12,25,no
239196,4,4,no
239239,4,10,no
239261,2,5,no
239522,8,16,no
239534,2,2,no
239585,8,11,no
239656,14,29,no
239704,5,12,no
239730,2,2,no
239778,13,27,no
239824,10,21,no
239837,1,0,no
239876,1,1,no
239889,2,2,no
239934,13,30,no
239937,4,8,no
240089,8,8,no
240172,13,21,no
240180,4,8,no
240363,7,13,no
240399,2,2,no
240436,2,1,no
240443,2,2,no
240490,1,1,no
240588,1,0,no
240618,9,19,no
240634,6,11,no
240665,2,4,no
240745,1,1,no
240787,1,1,no
240803,5,13,no
240804,3,7,no
240814,2,3,no
241075,6,12,no
241080,4,8,no
241087,4,5,no
241124,1,1,no
241164,6,11,no
241252,8,21,no
241260,1,1,no
241413,5,11,no
241439,1,0,no
241440,1,0,no
241446,1,1,no
241548,10,21,no
241648,4,8,no
241770,2,1,no
241955,6,10,no
241982,4,5,no
241992,4,8,no
242001,4,9,no
242145,4,8,no
242148,5,10,no
242163,1,1,no
242177,2,2,no
242224,4,5,no
242270,4,10,no
242279,1,1,no
242303,5,10,no
242364,1,1,no
242365,6,11,no
242375,8,18,no
242425,4,8,no
242574,3,3,no
242617,4,8,no
242644,2,3,no
242687,1,1,no
242767,2,2,no
242811,12,26,no
242831,4,8,no
242976,4,8,no
243002,4,7,no
243078,1,1,no
243210,4,8,no
243235,5,10,no
243333,1,1,no
243345,1,1,no
243429,2,2,no
243443,4,8,no
243462,4,10,no
243477,5,10,no
243550,4,8,no
243585,4,0,no
243587,4,8,no
243626,10,18,no
243633,2,3,no
243718,4,8,no
243734,6,12,no
243774,5,9,no
243813,1,1,no
243816,4,9,no
243820,1,1,no
243823,1,1,no
243858,5,5,no
243901,6,14,no
243944,1,0,no
244004,16,36,no
244028,1,1,no
244143,4,8,no
244194,4,4,no
244406,4,7,no
244447,10,15,no
244495,1,1,no
244641,1,1,no
244656,4,10,no
244782,4,8,no
244788,1,1,no
244815,4,10,no
244925,4,8,no
244962,6,11,no
245010,2,2,no
245024,5,10,no
245026,5,10,no
245058,4,5,no
245072,8,10,no
245167,1,1,no
245169,13,28,no
245214,2,3,no
245264,2,3,no
245272,4,10,no
245396,4,9,no
245400,1,1,no
245479,4,8,no
245609,5,11,no
245757,6,10,no
245900,5,10,no
245949,3,6,no
246011,2,2,no
246060,5,10,no
246066,1,1,no
246116,4,8,no
246165,3,5,no
246200,2,2,no
246223,1,1,no
246300,1,1,no
246316,2,0,no
246365,4,8,no
246372,5,10,no
246586,2,3,no
246610,4,8,no
246637,2,3,no
246647,4,4,no
246703,1,0,no
246793,5,9,no
246894,6,12,no
246940,4,5,no
246994,4,8,no
247406,10,27,no
247487,5,11,no
247597,4,9,no
247646,7,15,no
247783,9,17,no
247796,1,1,no
247804,7,12,no
247885,3,1,no
247919,10,27,no
247966,6,12,no
248032,2,3,no
248078,1,0,no
248191,14,32,no
248192,5,10,no
248234,4,8,no
248302,4,8,no
248341,1,0,no
248414,1,1,no
248499,1,1,no
248646,6,17,no
248713,10,17,no
248721,1,1,no
248869,11,27,no
249083,2,2,no
249114,10,20,no
249311,4,8,no
249325,5,10,no
249396,5,10,no
249401,1,1,no
249442,1,0,no
249559,4,8,no
249566,4,8,no
249583,15,37,no
249672,4,5,no
249692,1,1,no
249826,3,7,no
249839,4,7,no
249849,5,9,no
249882,1,1,no
249907,5,9,no
250102,16,36,no
250142,2,0,no
250191,1,1,no
250243,5,10,no
250291,6,7,no
250311,4,10,no
250319,4,8,no
250655,2,0,no
250684,1,1,no
250712,4,8,no
250909,4,8,no
251038,8,12,no
251105,4,10,no
251163,14,32,no
251175,2,4,no
251201,3,2,no
251269,4,8,no
251291,8,20,no
251318,4,5,no
251334,1,1,no
251341,5,10,no
251440,5,10,no
251450,7,8,no
251455,6,13,no
251484,4,4,no
251531,6,9,no
251704,9,18,no
251744,1,1,no
251752,12,25,no
251915,5,8,no
252125,2,2,no
252162,1,0,no
252184,4,8,no
252260,2,2,no
252300,14,37,no
252508,1,1,no
252587,1,1,no
252646,4,8,no
252844,1,0,no
252875,3,3,no
252924,4,7,no
252940,1,1,no
253023,3,3,no
253061,1,1,no
253137,4,8,no
253157,4,8,no
253185,6,10,no
253276,4,8,no
253361,4,8,no
253419,2,2,no
253493,1,1,no
253525,1,1,no
253557,2,2,no
253690,4,10,no
253708,6,14,no
253709,8,21,no
253739,5,10,no
253776,1,1,no
253913,16,21,no
254076,5,5,no
254104,12,33,no
254123,4,9,no
254151,1,1,no
254235,1,1,no
254261,1,1,no
254263,5,5,no
254285,1,1,no
254345,3,4,no
254586,4,8,no
254713,1,1,no
254776,4,8,no
254822,4,8,no
254832,4,8,no
254833,4,8,no
254843,4,8,no
254898,5,10,no
254983,5,11,no
255015,2,2,no
255039,1,1,no
255081,4,8,no
255163,4,10,no
255198,1,1,no
255316,13,34,no
255334,1,1,no
255352,8,17,no
255372,5,7,no
255625,4,8,no
255636,4,4,no
255735,5,8,no
255758,2,2,no
255794,1,1,no
255833,4,9,no
255865,2,1,no
255891,4,8,no
256042,8,17,no
256189,2,1,no
256216,4,8,no
256217,2,2,no
256293,4,10,no
256348,6,7,no
256372,8,16,no
256387,4,9,no
256456,5,7,no
256614,1,1,no
256669,4,8,no
256711,2,3,no
256765,1,1,no
256775,5,10,no
256829,4,8,no
256856,1,1,no
256929,1,1,no
257176,2,2,no
257223,4,10,no
257240,4,8,no
257259,6,10,no
257260,5,7,no
257271,4,10,no
257370,3,5,no
257382,1,0,no
257394,1,1,no
257430,12,17,no
257492,5,10,no
257548,2,5,no
257578,5,10,no
257673,2,1,no
257747,8,17,no
257855,4,7,no
257931,12,27,no
257983,12,27,no
257991,5,12,no
258022,8,15,no
258033,1,0,no
258195,3,4,no
258405,5,10,no
258494,1,1,no
258496,4,8,no
258510,12,29,no
258718,8,16,no
258817,4,8,no
258880,1,1,no
258961,10,18,no
259022,4,10,no
259067,1,0,no
259107,4,6,no
259108,1,1,no
259135,1,1,no
259226,5,10,no
259276,4,3,no
259316,4,8,no
259375,4,8,no
259413,5,10,no
259572,1,1,no
259628,4,9,no
259630,10,21,no
259637,2,2,no
259673,1,1,no
259684,1,0,no
259724,2,2,no
259842,3,4,no
259890,16,33,no
259911,1,1,no
259985,7,16,no
260127,4,8,no
260160,1,1,no
260174,4,8,no
260369,7,14,no
260370,7,14,no
260385,7,13,no
260490,8,13,no
260604,5,12,no
260645,14,31,no
260649,4,4,no
260697,1,1,no
260715,3,4,no
260725,1,0,no
260765,5,9,no
260800,5,10,no
260982,4,4,no
260990,1,1,no
261062,4,8,no
261137,2,2,no
261221,5,10,no
261231,5,10,no
261289,13,29,no
261332,6,8,no
261333,5,10,no
261383,4,8,no
261451,10,25,no
261509,1,1,no
261551,1,1,no
261570,5,10,no
261618,5,10,no
261710,10,10,no
261745,5,9,no
261790,4,9,no
261812,1,1,no
261838,5,12,no
261859,1,1,no
261957,7,12,no
262041,13,28,no
262046,1,1,no
262052,4,8,no
262070,4,8,no
262158,11,28,no
262271,2,2,no
262273,4,8,no
262276,4,8,no
262318,4,8,no
262319,9,14,no
262367,4,8,no
262385,2,4,no
262412,4,8,no
262456,2,2,no
262472,4,8,no
262498,1,0,no
262582,1,1,no
262608,1,1,no
262668,5,10,no
262893,1,1,no
262941,2,2,no
263077,4,8,no
263153,4,8,no
263289,4,5,no
263301,6,10,no
263331,4,10,no
263413,1,1,no
263418,2,3,no
263485,2,3,no
263562,1,0,no
263628,2,2,no
263642,4,8,no
263710,4,4,no
263716,9,20,no
263721,1,1,no
263745,3,3,no
263838,4,8,no
263855,4,8,no
263862,8,16,no
263884,13,30,no
263954,5,10,no
263996,10,18,no
264049,1,1,no
264091,1,0,no
264135,1,1,no
264188,3,4,no
264261,1,1,no
264373,2,3,no
264482,3,6,no
264527,1,1,no
264621,10,24,no
264745,4,10,no
264804,2,1,no
264834,11,19,no
264866,4,8,no
265012,4,8,no
265168,14,30,no
265196,4,2,no
265215,8,17,no
265253,1,1,no
265271,12,17,no
265312,5,10,no
265326,1,1,no
265446,4,8,no
265486,2,3,no
265523,6,14,no
265731,5,6,no
265870,7,7,no
265966,5,12,no
266066,4,9,no
266095,1,1,no
266129,5,5,no
266167,12,21,no
266202,12,19,no
266207,1,1,no
266214,5,12,no
266247,2,2,no
266294,7,12,no
266296,1,0,no
266357,11,21,no
266378,1,1,no
266388,13,23,no
266392,2,2,no
266417,2,2,no
266465,4,8,no
266469,14,25,no
266478,2,3,no
266501,2,1,no
266681,14,36,no
266776,1,0,no
266811,8,18,no
266889,4,6,no
266893,2,1,no
266951,4,8,no
266952,1,1,no
267012,5,10,no
267050,4,5,no
267059,4,8,no
267066,3,5,no
267116,6,12,no
267263,1,1,no
267292,1,0,no
267355,5,10,no
267373,1,1,no
267578,7,12,no
267672,7,8,no
267833,1,0,no
267857,5,12,no
267996,2,1,no
267998,1,1,no
268138,4,4,no
268166,7,17,no
268175,1,1,no
268219,7,11,no
268264,2,1,no
268314,9,16,no
268349,10,20,no
268476,4,8,no
268478,6,8,no
268589,8,16,no
268593,4,7,no
268748,10,20,no
268757,1,1,no
268764,1,1,no
268778,1,0,no
268815,4,8,no
268834,15,26,no
268850,1,1,no
268964,8,16,no
269033,2,3,no
269036,2,3,no
269063,1,1,no
269075,4,4,no
269221,2,2,no
269301,4,10,no
269361,6,13,no
269420,9,16,no
269525,4,8,no
269748,1,0,no
269782,4,8,no
269845,11,24,no
269902,5,4,no
269971,6,13,no
269982,1,1,no
270013,3,3,no
270023,1,1,no
270081,4,8,no
270157,3,6,no
270188,5,10,no
270197,2,2,no
270214,16,39,no
270349,8,16,no
270422,4,7,no
270426,1,1,no
270462,8,10,no
270494,3,4,no
270565,4,8,no
270672,4,1,no
270687,1,0,no
270702,3,3,no
270750,5,10,no
270752,8,12,no
270754,8,16,no
270781,8,19,no
271039,6,6,no
271078,1,0,no
271133,1,1,no
271138,4,7,no
271150,1,1,no
271244,4,8,no
271462,6,11,no
271468,5,10,no
271477,2,1,no
271575,7,2,no
271623,11,21,no
271664,4,9,no
271704,4,8,no
271776,5,9,no
271851,2,3,no
271879,4,8,no
271919,8,14,no
272028,9,13,no
272057,4,8,no
272072,1,0,no
272268,12,26,no
272303,8,14,no
272394,13,33,no
272467,8,15,no
272474,8,16,no
272517,4,6,no
272762,4,8,no
272775,8,17,no
272804,4,6,no
272833,1,1,no
272839,4,8,no
272859,2,1,no
272876,4,8,no
273079,1,1,no
273203,6,14,no
273213,1,1,no
273284,8,17,no
273336,1,1,no
273349,4,8,no
273528,8,18,no
273531,12,33,no
273607,6,12,no
273682,8,16,no
273762,4,5,no
273787,3,3,no
273851,3,2,no
273973,1,1,no
274017,7,15,no
274195,4,3,no
274248,5,10,no
274287,1,1,no
274305,4,8,no
274371,8,16,no
274509,8,19,no
274566,8,18,no
274572,4,8,no
274673,5,11,no
274773,4,8,no
274814,5,12,no
274924,4,10,no
274949,2,3,no
274979,5,10,no
275017,4,4,no
275022,4,8,no
275074,1,1,no
275087,1,1,no
275268,12,28,no
275277,1,1,no
275291,1,0,no
275409,1,1,no
275421,6,13,no
275510,2,2,no
275590,8,16,no
275618,1,1,no
275656,9,15,no
275668,4,7,no
275707,4,8,no
275716,16,23,no
275760,2,3,no
275794,4,8,no
275827,8,12,no
275832,4,4,no
275966,1,1,no
276023,2,1,no
276037,16,32,no
276117,7,11,no
276130,7,8,no
276158,1,1,no
276167,9,14,no
276198,4,10,no
276271,10,20,no
276482,3,2,no
276520,2,2,no
276525,8,9,no
276531,6,10,no
276643,5,10,no
276757,3,6,no
276770,5,12,no
276870,3,3,no
276876,1,1,no
276921,1,1,no
277046,4,8,no
277164,2,2,no
277201,4,8,no
277228,5,12,no
277267,12,29,no
277273,1,1,no
277323,5,10,no
277377,12,29,no
277415,2,3,no
277416,7,15,no
277428,3,4,no
277452,2,2,no
277468,1,1,no
277470,1,1,no
277534,2,2,no
277557,3,4,no
277566,2,2,no
277591,1,0,no
277601,8,20,no
277625,6,9,no
277806,1,0,no
277893,2,2,no
277921,13,32,no
277930,1,0,no
277951,2,3,no
278121,1,1,no
278275,4,9,no
278283,1,1,no
278294,2,2,no
278317,4,9,no
278342,12,22,no
278358,4,0,no
278381,1,1,no
278389,9,23,no
278406,1,1,no
278412,13,31,no
278518,2,3,no
278536,1,0,no
278572,5,10,no
278646,5,7,no
278680,1,1,no
278683,4,7,no
278701,4,5,no
278973,4,8,no
278982,9,14,no
279001,4,8,no
279039,6,11,no
279047,10,19,no
279097,3,3,no
279129,4,8,no
279190,5,10,no
279227,4,4,no
279245,5,10,no
279256,4,8,no
279341,2,3,no
279369,4,4,no
279377,4,9,no
279443,2,3,no
279508,4,2,no
279528,1,1,no
279558,2,3,no
279645,4,8,no
279717,4,8,no
279731,1,1,no
279901,6,8,no
279913,4,7,no
279988,4,8,no
280024,1,0,no
280099,8,16,no
280139,4,4,no
280169,1,1,no
280192,8,22,no
280248,1,1,no
280251,1,1,no
280257,11,20,no
280260,8,21,no
280302,1,1,no
280761,5,6,no
280818,4,8,no
280905,3,2,no
280909,4,4,no
280987,12,17,no
281037,1,1,no
281150,1,1,no
281158,2,3,no
281164,5,6,no
281167,1,1,no
281172,8,22,no
281263,4,0,no
281308,4,9,no
281342,4,9,no
281348,10,25,no
281354,3,3,no
281385,1,1,no
281432,1,1,no
281443,1,3,no
281445,1,1,no
281506,10,24,no
281535,12,28,no
281556,2,3,no
281580,1,0,no
281597,2,3,no
281744,4,10,no
281816,1,1,no
282016,2,3,no
282040,3,5,no
282046,4,7,no
282054,2,2,no
282092,8,12,no
282211,5,10,no
282309,2,3,no
282374,1,0,no
282399,5,11,no
282479,9,12,no
282520,9,13,no
282537,1,1,no
282588,1,1,no
282705,4,8,no
282728,9,14,no
282788,1,1,no
282796,2,3,no
282930,5,11,no
282955,2,6,no
282962,12,21,no
282963,2,3,no
282971,4,8,no
282974,4,8,no
282977,1,1,no
283005,5,10,no
283006,5,12,no
283022,1,1,no
283027,4,10,no
283036,1,1,no
283069,1,1,no
283118,5,10,no
283212,8,16,no
283251,8,21,no
283253,1,1,no
283276,4,9,no
283322,5,11,no
283365,4,8,no
283389,4,8,no
283412,1,1,no
283433,2,3,no
283445,5,10,no
283640,2,2,no
283827,1,1,no
283864,2,3,no
283865,2,2,no
284021,4,7,no
284104,5,9,no
284120,1,1,no
284125,8,20,no
284213,16,32,no
284264,7,13,no
284291,1,1,no
284348,4,8,no
284359,2,3,no
284389,8,13,no
284470,3,5,no
284483,5,10,no
284542,4,4,no
284692,5,10,no
284701,3,3,no
284740,5,10,no
284770,4,8,no
284788,4,8,no
284819,1,0,no
284847,1,1,no
284880,3,6,no
284921,6,14,no
285019,5,10,no
285031,3,4,no
285075,1,0,no
285090,1,0,no
285120,8,10,no
285130,1,1,no
285181,11,25,no
285211,16,43,no
285222,4,8,no
285365,1,1,no
285388,5,10,no
285457,12,31,no
285472,1,0,no
285659,2,3,no
285673,2,1,no
285677,1,1,no
285724,1,1,no
285923,1,0,no
285926,5,11,no
285947,2,1,no
285965,13,28,no
286036,2,2,no
286087,1,0,no
286146,1,0,no
286183,4,9,no
286202,1,1,no
286214,3,6,no
286256,1,0,no
286263,5,7,no
286351,1,1,no
286367,1,1,no
286397,13,31,no
286485,1,1,no
286547,4,7,no
286551,10,16,no
286569,5,8,no
286615,13,35,no
286634,1,1,no
286791,4,5,no
286861,1,0,no
286905,3,5,no
286950,4,3,no
287010,6,14,no
287040,8,21,no
287051,10,14,no
287194,15,32,no
287217,8,20,no
287286,1,0,no
287459,8,16,no
287488,8,15,no
287493,8,18,no
287506,2,2,no
287534,10,15,no
287713,8,16,no
287794,15,29,no
287948,8,13,no
287992,4,4,no
287995,1,1,no
288133,2,2,no
288166,5,9,no
288181,6,11,no
288197,8,14,no
288227,2,2,no
288336,7,14,no
288364,5,7,no
288381,2,1,no
288445,4,4,no
288464,14,29,no
288472,13,22,no
288535,3,5,no
288573,1,1,no
288626,4,8,no
288656,4,10,no
288745,16,30,no
288779,13,28,no
288978,1,1,no
288979,2,3,no
289015,4,9,no
289016,7,9,no
289048,8,14,no
289054,1,0,no
289229,1,1,no
289232,5,10,no
289238,1,1,no
289258,2,3,no
289275,1,1,no
289282,4,9,no
289380,7,9,no
289438,6,10,no
289456,4,8,no
289580,6,2,no
289612,2,3,no
289619,4,8,no
289645,3,4,no
289755,4,6,no
289843,1,1,no
289846,4,8,no
289899,4,7,no
289915,1,1,no
289986,1,1,no
290188,16,16,no
290210,1,1,no
290217,6,11,no
290265,6,9,no
290266,4,8,no
290336,4,10,no
290390,4,11,no
290396,1,1,no
290441,4,8,no
290511,3,2,no
290529,8,14,no
290631,4,8,no
290643,5,10,no
290683,4,8,no
290752,8,16,no
290765,3,8,no
290777,1,1,no
290781,2,2,no
290807,5,12,no
290838,1,1,no
290840,8,19,no
290841,1,1,no
290884,11,20,no
290888,3,0,no
290910,16,31,no
290916,12,27,no
290956,5,10,no
290984,1,0,no
290988,8,13,no
291094,1,0,no
291097,5,10,no
291144,5,10,no
291215,2,1,no
291265,1,1,no
291289,1,1,no
291450,1,1,no
291475,6,12,no
291565,4,0,no
291572,2,1,no
291599,6,12,no
291611,1,1,no
291760,4,8,no
291779,4,7,no
291860,6,13,no
291910,3,5,no
291915,4,9,no
292077,1,0,no
292108,8,22,no
292109,3,3,no
292213,1,1,no
292219,5,10,no
292308,3,5,no
292396,1,1,no
292408,9,18,no
292409,1,1,no
292429,4,8,no
292458,13,33,no
292633,12,20,no
292645,1,0,no
292674,5,9,no
292750,4,8,no
292751,7,16,no
292807,3,3,no
292816,1,0,no
292830,5,12,no
292852,4,10,no
292861,5,11,no
293083,6,9,no
293133,6,13,no
293149,1,1,no
293207,4,5,no
293253,1,1,no
293254,1,1,no
293277,9,10,no
293322,13,13,no
293365,8,17,no
293438,9,19,no
293445,4,8,no
293484,6,13,no
293493,5,10,no
293533,5,11,no
293559,1,1,no
293635,1,1,no
293671,5,10,no
293754,12,22,no
293757,4,8,no
293781,1,1,no
293788,4,8,no
293985,4,10,no
294089,4,8,no
294272,4,8,no
294284,1,1,no
294293,5,11,no
294305,4,8,no
294324,4,8,no
294363,5,10,no
294378,4,4,no
294471,8,14,no
294511,3,3,no
294535,5,10,no
294556,1,0,no
294630,5,10,no
294650,2,2,no
294683,1,1,no
294694,1,1,no
294695,1,1,no
294700,4,4,no
294702,5,12,no
294716,14,35,no
294747,9,18,no
294751,1,1,no
294844,5,9,no
295079,9,12,no
295095,8,17,no
295163,1,1,no
295234,8,19,no
295252,2,3,no
295307,4,6,no
295372,4,8,no
295381,1,0,no
295387,4,8,no
295414,8,14,no
295423,8,17,no
295449,4,10,no
295533,1,1,no
295541,4,9,no
295563,6,14,no
295633,1,1,no
295647,3,3,no
295673,4,8,no
295715,1,1,no
295751,4,4,no
295776,1,0,no
295899,9,15,no
295927,4,8,no
296065,4,8,no
296120,2,3,no
296171,1,1,no
296173,7,14,no
296218,1,1,no
296262,6,10,no
296263,4,7,no
296278,4,8,no
296314,5,11,no
296348,1,1,no
296399,7,6,no
296413,1,1,no
296442,1,1,no
296493,4,8,no
296532,7,12,no
296558,8,19,no
296595,10,24,no
296650,3,6,no
296672,4,8,no
296744,6,11,no
296838,1,1,no
296872,10,18,no
296895,4,8,no
296926,4,5,no
296928,5,5,no
296939,1,1,no
296985,5,10,no
297098,1,1,no
297132,1,0,no
297142,1,1,no
297156,4,2,no
297321,12,26,no
297438,2,2,no
297441,4,8,no
297449,7,14,no
297499,1,0,no
297542,3,1,no
297582,1,1,no
297616,4,9,no
297661,9,23,no
297675,12,23,no
297699,4,10,no
297736,2,1,no
297799,7,13,no
297800,16,20,no
297840,4,8,no
297883,5,10,no
297979,6,10,no
298082,4,7,no
298174,3,3,no
298193,1,0,no
298227,1,0,no
298245,10,16,no
298262,1,0,no
298313,1,0,no
298342,14,8,no
298357,5,11,no
298408,1,0,no
298586,1,0,no
298592,4,8,no
298645,5,10,no
298754,1,1,no
298788,8,10,no
298811,1,1,no
298816,4,4,no
298854,4,7,no
298890,11,27,no
298982,1,1,no
299015,5,8,no
299072,6,9,no
299251,1,1,no
299281,1,1,no
299343,4,6,no
299357,4,4,no
299409,11,17,no
299419,2,1,no
299577,6,12,no
299608,6,9,no
299618,5,10,no
299655,5,10,no
299718,5,8,no
299791,1,1,no
299802,4,8,no
299929,9,18,no
300002,3,5,no
300003,1,1,no
300004,1,0,no
300069,4,8,no
300116,4,8,no
300168,3,5,no
300181,8,21,no
300255,5,10,no
300273,9,20,no
300410,6,10,no
300429,4,7,no
300741,1,1,no
300843,4,9,no
300863,1,0,no
300998,2,0,no
301117,12,28,no
301178,8,17,no
301191,6,8,no
301210,5,4,no
301271,4,3,no
301334,3,2,no
301386,3,2,no
301483,3,2,no
301507,3,4,no
301583,1,1,no
301630,5,12,no
301707,1,1,no
301723,1,0,no
301786,1,1,no
301935,4,8,no
302034,5,10,no
302044,5,10,no
302080,2,3,no
302082,7,13,no
302100,1,1,no
302163,8,17,no
302207,4,5,no
302228,1,0,no
302317,2,3,no
302336,1,1,no
302347,4,8,no
302366,4,8,no
302515,1,0,no
302611,4,10,no
302742,1,1,no
302752,10,18,no
302803,8,20,no
302805,3,3,no
302915,11,22,no
302940,14,34,no
303091,1,1,no
303212,9,14,no
303275,4,8,no
303327,2,3,no
303424,5,11,no
303498,4,8,no
303614,10,19,no
303737,9,17,no
303756,1,0,no
303874,6,14,no
303982,3,4,no
304022,12,12,no
304025,1,1,no
304056,1,1,no
304080,3,7,no
304105,7,9,no
304170,4,8,no
304263,1,1,no
304296,5,8,no
304326,11,18,no
304476,2,3,no
304613,2,3,no
304642,7,9,no
304695,4,5,no
304748,3,0,no
304822,8,16,no
304915,8,8,no
305119,4,8,no
305129,1,1,no
305301,5,10,no
305443,9,17,no
305452,1,0,no
305552,4,10,no
305607,4,7,no
305619,2,1,no
305703,1,1,no
305740,1,1,no
305761,11,20,no
305930,4,4,no
305959,4,8,no
306004,12,16,no
306057,4,8,no
306105,5,12,no
306156,4,4,no
306229,5,12,no
306231,5,11,no
306272,12,25,no
306277,1,0,no
306319,1,1,no
306403,4,8,no
306442,5,9,no
306452,4,8,no
306494,1,1,no
306580,4,8,no
306694,11,23,no
306708,1,1,no
306770,1,0,no
306779,6,10,no
306859,5,7,no
306873,5,10,no
306986,2,3,no
307087,16,43,no
307098,1,1,no
307116,4,8,no
307411,8,20,no
307511,5,10,no
307566,4,8,no
307588,1,1,no
307650,4,8,no
307693,4,9,no
307721,4,10,no
307941,5,8,no
307989,5,8,no
308038,4,5,no
308066,5,11,no
308152,4,0,no
308191,12,26,no
308229,3,3,no
308233,7,14,no
308243,6,11,no
308273,4,10,no
308282,7,15,no
308366,4,4,no
308386,1,1,no
308415,4,3,no
308509,2,3,no
308543,1,0,no
308599,1,1,no
308613,4,8,no
308614,1,0,no
308639,2,2,no
308650,4,8,no
308660,6,12,no
308729,3,3,no
308738,5,12,no
308773,1,1,no
308828,1,1,no
308886,1,1,no
308923,5,8,no
308924,4,9,no
308945,1,1,no
308955,2,1,no
308960,1,1,no
309103,4,6,no
309161,4,8,no
309300,1,1,no
309330,1,0,no
309436,7,12,no
309536,13,33,no
309566,4,9,no
309582,4,8,no
309623,4,8,no
309641,4,8,no
309700,1,0,no
309805,4,6,no
309822,1,1,no
309970,1,1,no
310045,5,10,no
310209,1,1,no
310223,4,8,no
310291,11,29,no
310302,4,10,no
310489,1,0,no
310495,2,3,no
310539,5,10,no
310581,1,1,no
310589,12,31,no
310596,3,3,no
310597,5,11,no
310622,2,2,no
310633,1,1,no
310634,1,1,no
310646,4,8,no
310844,4,8,no
310869,4,8,no
310906,8,17,no
310907,4,8,no
310946,8,13,no
311085,10,21,no
311190,8,17,no
311282,2,3,no
311468,4,7,no
311502,5,10,no
311504,1,1,no
311519,1,1,no
311545,8,16,no
311566,4,8,no
311584,2,1,no
311608,4,10,no
311684,8,18,no
311685,5,12,no
311806,4,8,no
311916,5,10,no
311918,12,26,no
312025,1,1,no
312032,2,1,no
312186,5,12,no
312189,11,23,no
312191,4,8,no
312246,4,4,no
312292,1,1,no
312405,1,1,no
312523,3,5,no
312579,7,14,no
312583,1,1,no
312624,4,8,no
312634,1,0,no
312683,8,16,no
312740,1,0,no
312759,5,11,no
312773,1,0,no
312809,5,10,no
312907,6,10,no
312942,7,12,no
312986,8,13,no
312992,1,1,no
313080,4,7,no
313107,3,4,no
313293,5,10,no
313313,2,2,no
313333,8,11,no
313346,6,14,no
313357,5,9,no
313399,2,3,no
313413,13,30,no
313422,16,31,no
313476,8,17,no
313488,1,0,no
313510,1,1,no
313512,8,18,no
313585,1,1,no
313592,3,4,no
313681,10,20,no
313717,4,10,no
313739,1,1,no
313760,4,8,no
313772,4,7,no
313878,5,10,no
313883,3,2,no
313931,2,3,no
314010,1,0,no
314039,7,7,no
314226,5,12,no
314236,6,10,no
314259,8,17,no
314432,14,33,no
314435,4,8,no
314463,6,11,no
314506,1,1,no
314539,1,1,no
314599,2,3,no
314615,1,1,no
314755,5,10,no
314802,8,16,no
314998,5,10,no
315004,4,4,no
315005,12,24,no
